instance,algorithm,parallel,chains,threads,iterations,t0,tf,alpha,gamma,epsilon,policy,tuning_stage,runs,bks,best_length_min,best_length_mean,gap_percent,elapsed_ms_mean,elapsed_ms_std,score,speedup_vs_previous_baseline,accepted_moves_mean,improved_moves_mean
eil101,qlsa-omp,omp,32,8,1000000,1000,0.001,0.1,0.8,0.05,epsilon-greedy,qlsa-stage2,3,629,629,635.333333,0.000000,368.345333,44.033078,0.368345,1.209472,9028013.333333,4273192.666667
eil101,qlsa-omp,omp,32,8,1000000,300,0.001,0.1,0.8,0.05,epsilon-greedy,qlsa-stage2,3,629,629,637.333333,0.000000,383.912000,26.308194,0.383912,1.160431,6895449.333333,3242221.000000
eil101,qlsa-omp,omp,32,8,1000000,1000,0.001,0.1,0.8,0.05,epsilon-greedy,qlsa-stage1,3,629,629,635.333333,0.000000,405.137667,74.777568,0.405138,1.099634,9028013.333333,4273192.666667
eil101,qlsa-omp,omp,32,8,2000000,300,0.0001,0.05,0.95,0.1,epsilon-greedy,qlsa-stage2,3,629,629,631.666667,0.000000,705.099000,89.167141,0.705099,0.631831,11698963.000000,5477116.000000
eil101,qlsa-omp,omp,32,8,2000000,1000,0.001,0.05,0.95,0.1,epsilon-greedy,qlsa-stage2,3,629,629,633.666667,0.000000,711.587000,104.408538,0.711587,0.626070,18062283.000000,8537591.666667
eil101,qlsa-omp,omp,32,8,1000000,1000,0.001,0.05,0.95,0.1,epsilon-greedy,qlsa-stage1,3,629,630,637.666667,0.158983,364.170667,54.891674,0.523153,1.223337,9036151.666667,4271684.666667
eil101,qlsa-omp,omp,32,8,1000000,1000,0.001,0.05,0.95,0.1,epsilon-greedy,qlsa-stage2,3,629,630,637.666667,0.158983,388.643333,62.513662,0.547626,1.146304,9036151.666667,4271684.666667
eil101,qlsa-omp,omp,32,8,2000000,3000,0.0001,0.1,0.8,0.05,epsilon-greedy,qlsa-stage2,3,629,630,633.666667,0.158983,731.479000,117.297408,0.890462,0.609045,18562354.000000,8804048.333333
eil101,qlsa-omp,omp,32,8,2000000,1000,0.001,0.1,0.8,0.1,epsilon-greedy,qlsa-stage2,3,629,630,631.333333,0.158983,764.063000,78.807987,0.923046,0.583071,18066086.666667,8533565.666667
eil101,qlsa-omp,omp,32,8,1000000,1000,0.001,0.1,0.8,0.1,epsilon-greedy,qlsa-stage1,3,629,631,635.000000,0.317965,354.021333,42.025856,0.671986,1.258408,9041770.666667,4270596.333333
eil101,qlsa-omp,omp,32,8,1000000,1000,0.001,0.1,0.8,0.1,epsilon-greedy,qlsa-stage2,3,629,631,635.000000,0.317965,416.802000,52.849143,0.734767,1.068861,9041770.666667,4270596.333333
eil101,qlsa-omp,omp,32,8,1000000,1000,0.001,0.05,0.9,0.05,epsilon-greedy,qlsa-stage1,3,629,631,636.000000,0.317965,427.880667,24.431112,0.745846,1.041186,9028671.000000,4274784.000000
eil101,qlsa-omp,omp,32,8,2000000,300,0.001,0.1,0.8,0.05,epsilon-greedy,qlsa-stage2,3,629,631,634.666667,0.317965,815.634000,127.089793,1.133599,0.546205,13778016.000000,6477196.000000
eil101,qlsa-omp,omp,32,8,1000000,1000,0.001,0.2,0.9,0.05,epsilon-greedy,qlsa-stage1,3,629,632,635.666667,0.476948,352.803667,40.123792,0.829751,1.262751,9034299.000000,4270001.333333
eil101,qlsa-omp,omp,32,8,1000000,300,0.0001,0.1,0.8,0.05,epsilon-greedy,qlsa-stage2,3,629,632,636.333333,0.476948,357.379333,49.164172,0.834327,1.246584,5845176.666667,2741284.000000
eil101,qlsa-omp,omp,32,8,1000000,1000,0.001,0.05,0.8,0.2,epsilon-greedy,qlsa-stage1,3,629,632,636.000000,0.476948,382.165667,32.424979,0.859113,1.165734,9044473.666667,4265606.000000
eil101,qlsa-omp,omp,32,8,1000000,3000,0.001,0.1,0.8,0.05,epsilon-greedy,qlsa-stage2,3,629,632,639.333333,0.476948,382.942667,88.613215,0.859890,1.163368,10707674.333333,5082577.666667
eil101,qlsa-omp,omp,32,8,1000000,1000,0.001,0.05,0.95,0.1,softmax,qlsa-stage1,3,629,632,637.333333,0.476948,632.088333,9.343693,1.109036,0.704812,9056279.333333,4275225.000000
eil101,qlsa-omp,omp,32,8,1000000,1000,0.001,0.05,0.95,0.05,softmax,qlsa-stage1,3,629,632,637.333333,0.476948,643.137333,4.097782,1.120085,0.692703,9056279.333333,4275225.000000
eil101,qlsa-omp,omp,32,8,1000000,1000,0.001,0.05,0.95,0.2,softmax,qlsa-stage1,3,629,632,637.333333,0.476948,652.253000,19.637213,1.129201,0.683022,9056279.333333,4275225.000000
eil101,qlsa-omp,omp,32,8,2000000,3000,0.0001,0.05,0.95,0.1,epsilon-greedy,qlsa-stage2,3,629,632,634.000000,0.476948,743.233000,116.293971,1.220181,0.599413,18574043.333333,8802274.666667
eil101,qlsa-omp,omp,32,8,2000000,3000,0.001,0.05,0.95,0.1,epsilon-greedy,qlsa-stage2,3,629,632,633.333333,0.476948,753.835000,141.082373,1.230783,0.590983,21412015.000000,10159692.333333
eil101,qlsa-omp,omp,32,8,2000000,300,0.0001,0.1,0.8,0.1,epsilon-greedy,qlsa-stage2,3,629,632,633.000000,0.476948,771.098667,97.595895,1.248046,0.577751,11711162.000000,5474704.000000
eil101,qlsa-omp,omp,32,8,2000000,1000,0.0001,0.1,0.8,0.05,epsilon-greedy,qlsa-stage2,3,629,632,633.666667,0.476948,776.677667,139.875123,1.253625,0.573601,15496289.666667,7320059.666667
eil101,qlsa-omp,omp,32,8,2000000,1000,0.0001,0.05,0.95,0.1,epsilon-greedy,qlsa-stage2,3,629,632,635.666667,0.476948,797.209667,86.563945,1.274157,0.558828,15509559.000000,7317551.000000
eil101,qlsa-omp,omp,32,8,1000000,1000,0.0001,0.05,0.95,0.1,epsilon-greedy,qlsa-stage2,3,629,633,635.000000,0.635930,337.774333,13.347101,0.973704,1.318938,7755735.333333,3662196.000000
eil101,qlsa-omp,omp,32,8,1000000,3000,0.0001,0.1,0.8,0.05,epsilon-greedy,qlsa-stage2,3,629,633,637.666667,0.635930,352.603333,36.468394,0.988533,1.263469,9288973.333333,4404392.000000
eil101,qlsa-omp,omp,32,8,1000000,1000,0.001,0.05,0.8,0.1,epsilon-greedy,qlsa-stage1,3,629,633,636.666667,0.635930,376.338333,40.004516,1.012268,1.183784,9026635.333333,4270379.666667
eil101,qlsa-omp,omp,32,8,1000000,1000,0.001,0.05,0.8,0.05,epsilon-greedy,qlsa-stage1,3,629,633,636.666667,0.635930,388.326667,59.371008,1.024257,1.147239,9027166.666667,4273433.333333
eil101,qlsa-omp,omp,32,8,1000000,300,0.001,0.05,0.95,0.1,epsilon-greedy,qlsa-stage2,3,629,633,636.666667,0.635930,393.290333,28.949566,1.029220,1.132759,6898937.333333,3240447.666667
eil101,qlsa-omp,omp,32,8,1000000,3000,0.001,0.1,0.8,0.1,epsilon-greedy,qlsa-stage2,3,629,633,636.333333,0.635930,398.074667,51.635187,1.034005,1.119145,10714359.333333,5080012.666667
eil101,qlsa-omp,omp,32,8,1000000,300,0.001,0.1,0.8,0.1,epsilon-greedy,qlsa-stage2,3,629,633,634.333333,0.635930,408.902667,36.288882,1.044833,1.089509,6906899.000000,3237722.333333
eil101,qlsa-omp,omp,32,8,1000000,1000,0.001,0.2,0.95,0.2,epsilon-greedy,qlsa-stage1,3,629,633,638.333333,0.635930,419.275667,55.103853,1.055206,1.062555,9058836.666667,4263202.666667
eil101,qlsa-omp,omp,32,8,1000000,1000,0.001,0.1,0.95,0.1,softmax,qlsa-stage1,3,629,633,637.000000,0.635930,652.978333,15.424677,1.288908,0.682264,9040334.000000,4278188.000000
eil101,qlsa-omp,omp,32,8,1000000,1000,0.001,0.1,0.95,0.2,softmax,qlsa-stage1,3,629,633,637.000000,0.635930,654.737000,17.933395,1.290667,0.680431,9040334.000000,4278188.000000
eil101,qlsa-omp,omp,32,8,1000000,1000,0.001,0.1,0.95,0.05,softmax,qlsa-stage1,3,629,633,637.000000,0.635930,659.251667,27.632761,1.295182,0.675771,9040334.000000,4278188.000000
eil101,qlsa-omp,omp,32,8,2000000,3000,0.0001,0.1,0.8,0.1,epsilon-greedy,qlsa-stage2,3,629,633,636.666667,0.635930,728.985667,97.929979,1.364916,0.611128,18586709.333333,8797042.666667
eil101,qlsa-omp,omp,32,8,2000000,300,0.001,0.05,0.95,0.1,epsilon-greedy,qlsa-stage2,3,629,633,633.666667,0.635930,731.746667,105.619368,1.367677,0.608822,13786250.333333,6473489.000000
eil101,qlsa-omp,omp,32,8,2000000,300,0.001,0.1,0.8,0.1,epsilon-greedy,qlsa-stage2,3,629,633,633.333333,0.635930,761.880667,66.490118,1.397811,0.584742,13793943.000000,6472805.000000
eil101,qlsa-omp,omp,32,8,1000000,1000,0.001,0.2,0.9,0.1,epsilon-greedy,qlsa-stage1,3,629,634,637.333333,0.794913,361.412000,43.634182,1.156325,1.232674,9040572.333333,4267625.333333
eil101,qlsa-omp,omp,32,8,1000000,1000,0.001,0.1,0.95,0.2,epsilon-greedy,qlsa-stage1,3,629,634,638.666667,0.794913,364.046000,32.556018,1.158959,1.223756,9052740.666667,4264262.666667
eil101,qlsa-omp,omp,32,8,1000000,1000,0.001,0.05,0.8,0.2,softmax,qlsa-stage1,3,629,634,638.666667,0.794913,615.189333,7.978805,1.410102,0.724173,9062202.000000,4263566.666667
eil101,qlsa-omp,omp,32,8,1000000,1000,0.001,0.05,0.8,0.05,softmax,qlsa-stage1,3,629,634,638.666667,0.794913,636.658667,9.023959,1.431571,0.699752,9062202.000000,4263566.666667
eil101,qlsa-omp,omp,32,8,1000000,1000,0.001,0.05,0.9,0.2,softmax,qlsa-stage1,3,629,634,635.666667,0.794913,661.378000,21.667677,1.456291,0.673599,9067406.333333,4271680.666667
eil101,qlsa-omp,omp,32,8,1000000,1000,0.001,0.05,0.8,0.1,softmax,qlsa-stage1,3,629,634,638.666667,0.794913,663.265000,20.311178,1.458178,0.671682,9062202.000000,4263566.666667
eil101,qlsa-omp,omp,32,8,1000000,1000,0.001,0.05,0.9,0.05,softmax,qlsa-stage1,3,629,634,635.666667,0.794913,664.819333,23.547203,1.459732,0.670112,9067406.333333,4271680.666667
eil101,qlsa-omp,omp,32,8,1000000,1000,0.001,0.05,0.9,0.1,softmax,qlsa-stage1,3,629,634,635.666667,0.794913,675.354333,25.525460,1.470267,0.659659,9067406.333333,4271680.666667
eil101,qlsa-omp,omp,32,8,2000000,300,0.0001,0.1,0.8,0.05,epsilon-greedy,qlsa-stage2,3,629,634,635.000000,0.794913,677.505667,43.748483,1.472418,0.657564,11672444.000000,5478712.000000
eil101,qlsa-omp,omp,32,8,2000000,1000,0.0001,0.1,0.8,0.1,epsilon-greedy,qlsa-stage2,3,629,634,635.333333,0.794913,698.750333,68.845964,1.493663,0.637572,15514622.333333,7315227.666667
eil101,qlsa-omp,omp,32,8,2000000,1000,0.001,0.1,0.8,0.05,epsilon-greedy,qlsa-stage2,3,629,634,636.333333,0.794913,764.975333,93.210030,1.559888,0.582376,18039562.666667,8540351.333333
eil101,qlsa-omp,omp,32,8,2000000,3000,0.001,0.1,0.8,0.1,epsilon-greedy,qlsa-stage2,3,629,634,635.333333,0.794913,784.727000,114.214660,1.579640,0.567718,21415476.666667,10156407.333333
eil101,qlsa-omp,omp,32,8,1000000,1000,0.001,0.2,0.8,0.2,epsilon-greedy,qlsa-stage1,3,629,635,639.666667,0.953895,370.644667,16.873139,1.324540,1.201969,9055554.333333,4263274.666667
eil101,qlsa-omp,omp,32,8,1000000,1000,0.001,0.1,0.8,0.2,epsilon-greedy,qlsa-stage1,3,629,635,637.666667,0.953895,376.394000,58.055143,1.330289,1.183609,9047402.000000,4264350.333333
eil101,qlsa-omp,omp,32,8,1000000,1000,0.001,0.1,0.95,0.1,epsilon-greedy,qlsa-stage1,3,629,635,638.333333,0.953895,378.938333,73.148984,1.332833,1.175662,9039262.333333,4268592.000000
eil101,qlsa-omp,omp,32,8,1000000,3000,0.001,0.05,0.95,0.1,epsilon-greedy,qlsa-stage2,3,629,635,638.333333,0.953895,391.094667,83.582542,1.344990,1.139119,10713738.666667,5082881.666667
eil101,qlsa-omp,omp,32,8,1000000,300,0.0001,0.1,0.8,0.1,epsilon-greedy,qlsa-stage2,3,629,635,640.333333,0.953895,404.009333,74.546097,1.357904,1.102706,5851873.000000,2738905.333333
eil101,qlsa-omp,omp,32,8,1000000,1000,0.001,0.2,0.9,0.2,epsilon-greedy,qlsa-stage1,3,629,635,639.333333,0.953895,440.333667,54.951251,1.394229,1.011740,9059690.333333,4260991.333333
eil101,qlsa-omp,omp,32,8,1000000,1000,0.0001,0.1,0.8,0.05,epsilon-greedy,qlsa-stage2,3,629,636,641.333333,1.112878,379.521667,49.489725,1.492399,1.173855,7754010.333333,3662951.000000
eil101,qlsa-omp,omp,32,8,1000000,1000,0.001,0.2,0.8,0.05,epsilon-greedy,qlsa-stage1,3,629,636,638.666667,1.112878,386.033667,30.736844,1.498911,1.154053,9034951.666667,4269447.333333
eil101,qlsa-omp,omp,32,8,1000000,1000,0.001,0.05,0.9,0.2,epsilon-greedy,qlsa-stage1,3,629,636,637.333333,1.112878,390.618333,79.353167,1.503496,1.140508,9040017.666667,4265209.000000
eil101,qlsa-omp,omp,32,8,1000000,3000,0.0001,0.1,0.8,0.1,epsilon-greedy,qlsa-stage2,3,629,636,637.000000,1.112878,393.161000,31.123127,1.506039,1.133132,9300313.666667,4402390.666667
eil101,qlsa-omp,omp,32,8,1000000,1000,0.001,0.2,0.95,0.1,epsilon-greedy,qlsa-stage1,3,629,636,638.666667,1.112878,401.196333,80.123722,1.514074,1.110437,9042610.666667,4268348.000000
eil101,qlsa-omp,omp,32,8,1000000,1000,0.001,0.1,0.9,0.2,epsilon-greedy,qlsa-stage1,3,629,636,639.000000,1.112878,405.254333,60.332663,1.518132,1.099318,9049862.000000,4264976.666667
eil101,qlsa-omp,omp,32,8,1000000,1000,0.001,0.2,0.95,0.1,softmax,qlsa-stage1,3,629,636,639.333333,1.112878,636.996000,31.893227,1.749874,0.699382,9003285.333333,4264707.000000
eil101,qlsa-omp,omp,32,8,1000000,1000,0.001,0.2,0.95,0.05,softmax,qlsa-stage1,3,629,636,639.333333,1.112878,647.600000,4.939847,1.760478,0.687930,9003285.333333,4264707.000000
eil101,qlsa-omp,omp,32,8,1000000,1000,0.001,0.2,0.95,0.2,softmax,qlsa-stage1,3,629,636,639.333333,1.112878,667.719000,22.283351,1.780597,0.667202,9003285.333333,4264707.000000
eil101,qlsa-omp,omp,32,8,2000000,3000,0.001,0.1,0.8,0.05,epsilon-greedy,qlsa-stage2,3,629,636,637.666667,1.112878,757.064000,42.766762,1.869942,0.588462,21405287.333333,10159478.333333
eil101,qlsa-omp,omp,32,8,1000000,1000,0.001,0.1,0.95,0.05,epsilon-greedy,qlsa-stage1,3,629,637,638.666667,1.271860,390.819000,66.345862,1.662679,1.139922,9031588.666667,4273748.666667
eil101,qlsa-omp,omp,32,8,1000000,3000,0.0001,0.05,0.95,0.1,epsilon-greedy,qlsa-stage2,3,629,637,640.333333,1.271860,397.135667,56.627475,1.668996,1.121791,9296850.000000,4403468.666667
eil101,qlsa-omp,omp,32,8,1000000,1000,0.001,0.05,0.9,0.1,epsilon-greedy,qlsa-stage1,3,629,637,638.000000,1.271860,399.682667,30.673912,1.671543,1.114643,9034238.000000,4272523.000000
eil101,qlsa-omp,omp,32,8,1000000,1000,0.001,0.1,0.9,0.1,epsilon-greedy,qlsa-stage1,3,629,637,638.666667,1.271860,399.762667,37.380750,1.671623,1.114420,9041801.333333,4269273.333333
eil101,qlsa-omp,omp,32,8,1000000,1000,0.001,0.05,0.95,0.2,epsilon-greedy,qlsa-stage1,3,629,637,640.000000,1.271860,405.963000,56.313636,1.677823,1.097399,9049825.000000,4266620.000000
eil101,qlsa-omp,omp,32,8,1000000,1000,0.0001,0.1,0.8,0.1,epsilon-greedy,qlsa-stage2,3,629,638,639.666667,1.430843,344.539000,25.883820,1.775382,1.293042,7763416.000000,3659957.666667
eil101,qlsa-omp,omp,32,8,1000000,300,0.0001,0.05,0.95,0.1,epsilon-greedy,qlsa-stage2,3,629,638,641.333333,1.430843,362.267333,59.988355,1.793110,1.229764,5850760.666667,2739637.000000
eil101,qlsa-omp,omp,32,8,1000000,1000,0.001,0.05,0.95,0.05,epsilon-greedy,qlsa-stage1,3,629,638,641.333333,1.430843,380.948000,34.272242,1.811791,1.169460,9028992.666667,4274715.666667
eil101,qlsa-omp,omp,32,8,1000000,1000,0.001,0.1,0.8,0.1,softmax,qlsa-stage1,3,629,638,643.666667,1.430843,640.342000,25.032450,2.071185,0.695727,9137060.333333,4229394.666667
eil101,qlsa-omp,omp,32,8,1000000,1000,0.001,0.1,0.8,0.2,softmax,qlsa-stage1,3,629,638,643.666667,1.430843,659.331333,18.110475,2.090174,0.675690,9137060.333333,4229394.666667
eil101,qlsa-omp,omp,32,8,1000000,1000,0.001,0.1,0.8,0.05,softmax,qlsa-stage1,3,629,638,643.666667,1.430843,665.294333,13.001941,2.096137,0.669633,9137060.333333,4229394.666667
eil101,qlsa-omp,omp,32,8,1000000,1000,0.001,0.2,0.95,0.05,epsilon-greedy,qlsa-stage1,3,629,640,641.666667,1.748808,404.192000,34.933782,2.153000,1.102207,9038436.000000,4271496.666667
eil101,qlsa-omp,omp,32,8,1000000,1000,0.001,0.1,0.9,0.2,softmax,qlsa-stage1,3,629,640,641.333333,1.748808,657.673000,20.743357,2.406481,0.677393,9033979.666667,4265048.666667
eil101,qlsa-omp,omp,32,8,1000000,1000,0.001,0.1,0.9,0.05,softmax,qlsa-stage1,3,629,640,641.333333,1.748808,671.146667,13.162340,2.419954,0.663794,9033979.666667,4265048.666667
eil101,qlsa-omp,omp,32,8,1000000,1000,0.001,0.1,0.9,0.1,softmax,qlsa-stage1,3,629,640,641.333333,1.748808,675.542000,15.201957,2.424350,0.659475,9033979.666667,4265048.666667
eil101,qlsa-omp,omp,32,8,1000000,1000,0.001,0.1,0.9,0.05,epsilon-greedy,qlsa-stage1,3,629,641,642.000000,1.907790,356.760000,44.363751,2.264550,1.248748,9031715.333333,4272921.333333
eil101,qlsa-omp,omp,32,8,1000000,1000,0.001,0.2,0.8,0.1,epsilon-greedy,qlsa-stage1,3,629,641,641.000000,1.907790,373.500333,72.619399,2.281290,1.192779,9039903.333333,4266850.333333
eil101,qlsa-omp,omp,32,8,1000000,1000,0.001,0.2,0.9,0.1,softmax,qlsa-stage1,3,629,641,644.000000,1.907790,637.475333,20.562839,2.545265,0.698856,9080277.000000,4229812.666667
eil101,qlsa-omp,omp,32,8,1000000,1000,0.001,0.2,0.9,0.05,softmax,qlsa-stage1,3,629,641,644.000000,1.907790,643.177667,11.992253,2.550968,0.692660,9080277.000000,4229812.666667
eil101,qlsa-omp,omp,32,8,1000000,1000,0.001,0.2,0.9,0.2,softmax,qlsa-stage1,3,629,641,644.000000,1.907790,694.183333,35.162559,2.601973,0.641766,9080277.000000,4229812.666667
eil101,qlsa-omp,omp,32,8,1000000,1000,0.001,0.2,0.8,0.1,softmax,qlsa-stage1,3,629,646,647.000000,2.702703,625.452333,17.699215,3.328155,0.712290,9138971.000000,4229816.333333
eil101,qlsa-omp,omp,32,8,1000000,1000,0.001,0.2,0.8,0.05,softmax,qlsa-stage1,3,629,646,647.000000,2.702703,630.602333,21.032190,3.333305,0.706473,9138971.000000,4229816.333333
eil101,qlsa-omp,omp,32,8,1000000,1000,0.001,0.2,0.8,0.2,softmax,qlsa-stage1,3,629,646,647.000000,2.702703,640.360667,33.313282,3.343063,0.695707,9138971.000000,4229816.333333
eil101,sa-omp,omp,32,8,1000000,100,0.001,,,,,sa-grid,3,629,629,635.333333,0.000000,180.150333,2.813366,0.180150,1.286331,4513921.000000,2149953.666667
eil101,sa-omp,omp,32,8,2000000,100,0.001,,,,,sa-grid,3,629,630,632.333333,0.158983,354.375667,2.821515,0.513358,0.653919,9007335.333333,4290076.000000
eil101,sa-omp,omp,32,8,2000000,1000,0.001,,,,,sa-grid,3,629,631,634.333333,0.317965,374.060333,5.402205,0.692025,0.619507,17750038.333333,8532850.333333
eil101,sa-omp,omp,32,8,2000000,100,0.0001,,,,,sa-grid,3,629,632,637.666667,0.476948,356.248667,7.217814,0.833196,0.650481,7524611.333333,3577783.333333
eil101,sa-omp,omp,32,8,2000000,3000,0.0001,,,,,sa-grid,3,629,632,638.000000,0.476948,367.467667,5.816921,0.844415,0.630621,18315699.333333,8814073.000000
eil101,sa-omp,omp,32,8,2000000,3000,1e-05,,,,,sa-grid,3,629,632,634.333333,0.476948,373.452000,3.493561,0.850400,0.620516,16163042.000000,7774820.666667
eil101,sa-omp,omp,32,8,1000000,3000,0.001,,,,,sa-grid,3,629,633,636.666667,0.635930,189.240667,2.261626,0.825171,1.224541,10570634.333333,5089310.333333
eil101,sa-omp,omp,32,8,2000000,1000,1e-05,,,,,sa-grid,3,629,633,634.666667,0.635930,362.611000,10.423868,0.998541,0.639068,13333863.666667,6401849.000000
eil101,sa-omp,omp,32,8,2000000,300,0.0001,,,,,sa-grid,3,629,633,636.333333,0.635930,366.732667,7.783097,1.002663,0.631885,11390668.333333,5453209.666667
eil101,sa-omp,omp,32,8,2000000,1000,0.0001,,,,,sa-grid,3,629,633,635.000000,0.635930,368.374000,10.634549,1.004304,0.629070,15225099.333333,7314861.000000
eil101,sa-omp,omp,32,8,2000000,3000,0.001,,,,,sa-grid,3,629,633,635.333333,0.635930,376.305333,10.654424,1.012235,0.615811,21128853.000000,10173607.333333
eil101,sa-omp,omp,32,8,1000000,100,1e-05,,,,,sa-grid,3,629,634,637.666667,0.794913,178.147000,3.373293,0.973060,1.300797,3232938.000000,1536103.666667
eil101,sa-omp,omp,32,8,2000000,100,1e-05,,,,,sa-grid,3,629,634,636.666667,0.794913,353.842000,3.120120,1.148755,0.654905,6459827.666667,3066020.000000
eil101,sa-omp,omp,32,8,1000000,300,1e-05,,,,,sa-grid,3,629,635,638.333333,0.953895,182.641333,6.285084,1.136536,1.268787,4942625.333333,2364942.333333
eil101,sa-omp,omp,32,8,1000000,1000,0.001,,,,,sa-grid,3,629,635,637.000000,0.953895,188.546333,1.414938,1.142441,1.229051,8878436.333333,4268270.666667
eil101,sa-omp,omp,32,8,2000000,300,0.001,,,,,sa-grid,3,629,635,635.333333,0.953895,362.716667,8.653924,1.316612,0.638882,13455855.333333,6446794.000000
eil101,sa-omp,omp,32,8,1000000,300,0.001,,,,,sa-grid,3,629,636,638.000000,1.112878,203.667667,22.866667,1.316545,1.137800,6730682.333333,3226233.000000
eil101,sa-omp,omp,32,8,1000000,3000,1e-05,,,,,sa-grid,3,629,637,638.666667,1.271860,190.978000,9.296873,1.462838,1.213402,8085591.333333,3890071.666667
eil101,sa-omp,omp,32,8,2000000,300,1e-05,,,,,sa-grid,3,629,637,637.000000,1.271860,354.154667,8.696148,1.626015,0.654327,9875876.000000,4723755.000000
eil101,sa-omp,omp,32,8,1000000,3000,0.0001,,,,,sa-grid,3,629,638,642.000000,1.430843,196.498333,2.716915,1.627341,1.179313,9161880.000000,4410406.333333
eil101,sa-omp,omp,32,8,1000000,100,0.0001,,,,,sa-grid,3,629,639,640.333333,1.589825,174.922000,2.455172,1.764747,1.324779,3766779.333333,1791307.000000
eil101,sa-omp,omp,32,8,1000000,1000,1e-05,,,,,sa-grid,3,629,640,643.000000,1.748808,187.604333,5.162992,1.936412,1.235222,6671187.333333,3202990.000000
eil101,sa-omp,omp,32,8,1000000,300,0.0001,,,,,sa-grid,3,629,640,641.333333,1.748808,189.704667,4.002148,1.938512,1.221546,5698063.666667,2729268.000000
eil101,sa-omp,omp,32,8,1000000,1000,0.0001,,,,,sa-grid,3,629,642,643.000000,2.066773,185.086333,7.322121,2.251859,1.252027,7616235.666667,3658390.333333
eil76,qlsa-omp,omp,32,8,1000000,1000,0.001,0.05,0.8,0.2,epsilon-greedy,qlsa-stage1,3,538,538,540.000000,0.000000,345.917667,23.950654,0.345918,1.418517,9128685.666667,4284211.000000
eil76,qlsa-omp,omp,32,8,1000000,300,0.0001,0.05,0.8,0.2,epsilon-greedy,qlsa-stage2,3,538,538,539.000000,0.000000,370.734667,39.597265,0.370735,1.323561,5955476.666667,2751770.000000
eil76,qlsa-omp,omp,32,8,1000000,1000,0.001,0.1,0.9,0.05,epsilon-greedy,qlsa-stage2,3,538,538,542.666667,0.000000,380.721333,42.835807,0.380721,1.288843,9098583.000000,4288266.000000
eil76,qlsa-omp,omp,32,8,1000000,1000,0.001,0.05,0.8,0.2,epsilon-greedy,qlsa-stage2,3,538,538,540.000000,0.000000,413.883333,30.366103,0.413883,1.185576,9128685.666667,4284211.000000
eil76,qlsa-omp,omp,32,8,1000000,1000,0.001,0.1,0.9,0.05,epsilon-greedy,qlsa-stage1,3,538,538,542.666667,0.000000,425.163000,20.294713,0.425163,1.154122,9098583.000000,4288266.000000
eil76,qlsa-omp,omp,32,8,1000000,1000,0.001,0.1,0.8,0.2,softmax,qlsa-stage2,3,538,538,543.000000,0.000000,642.692667,14.748534,0.642693,0.763491,9108483.000000,4260940.000000
eil76,qlsa-omp,omp,32,8,1000000,1000,0.001,0.1,0.8,0.2,softmax,qlsa-stage1,3,538,538,543.000000,0.000000,647.974000,12.499178,0.647974,0.757268,9108483.000000,4260940.000000
eil76,qlsa-omp,omp,32,8,1000000,1000,0.001,0.1,0.8,0.05,softmax,qlsa-stage1,3,538,538,543.000000,0.000000,659.657000,12.081228,0.659657,0.743856,9108483.000000,4260940.000000
eil76,qlsa-omp,omp,32,8,1000000,1000,0.001,0.1,0.8,0.1,softmax,qlsa-stage1,3,538,538,543.000000,0.000000,667.831000,43.087522,0.667831,0.734752,9108483.000000,4260940.000000
eil76,qlsa-omp,omp,32,8,2000000,300,0.0001,0.05,0.8,0.2,epsilon-greedy,qlsa-stage2,3,538,538,540.666667,0.000000,780.762667,99.041805,0.780763,0.628475,11904380.666667,5499919.666667
eil76,qlsa-omp,omp,32,8,1000000,1000,0.001,0.1,0.8,0.05,epsilon-greedy,qlsa-stage1,3,538,539,543.333333,0.185874,351.281333,33.411507,0.537155,1.396858,9099738.000000,4288742.666667
eil76,qlsa-omp,omp,32,8,1000000,1000,0.001,0.2,0.9,0.1,epsilon-greedy,qlsa-stage1,3,538,539,542.333333,0.185874,368.959000,66.258866,0.554833,1.329931,9127988.000000,4283432.666667
eil76,qlsa-omp,omp,32,8,1000000,1000,0.001,0.05,0.8,0.1,epsilon-greedy,qlsa-stage1,3,538,539,542.333333,0.185874,376.565667,67.679737,0.562439,1.303066,9106032.666667,4288527.666667
eil76,qlsa-omp,omp,32,8,1000000,300,0.001,0.05,0.8,0.2,epsilon-greedy,qlsa-stage2,3,538,539,541.000000,0.185874,385.932667,31.728078,0.571806,1.271439,7001702.333333,3254091.666667
eil76,qlsa-omp,omp,32,8,1000000,1000,0.0001,0.1,0.9,0.05,epsilon-greedy,qlsa-stage2,3,538,539,544.333333,0.185874,414.666000,15.849108,0.600540,1.183338,7821271.000000,3676627.333333
eil76,qlsa-omp,omp,32,8,1000000,1000,0.001,0.1,0.9,0.2,softmax,qlsa-stage1,3,538,539,540.000000,0.185874,661.676667,29.360427,0.847550,0.741586,9131454.000000,4285133.333333
eil76,qlsa-omp,omp,32,8,1000000,1000,0.001,0.1,0.9,0.1,softmax,qlsa-stage1,3,538,539,540.000000,0.185874,677.252667,42.073518,0.863126,0.724530,9131454.000000,4285133.333333
eil76,qlsa-omp,omp,32,8,1000000,1000,0.001,0.1,0.9,0.05,softmax,qlsa-stage1,3,538,539,540.000000,0.185874,679.280333,33.799703,0.865154,0.722367,9131454.000000,4285133.333333
eil76,qlsa-omp,omp,32,8,2000000,3000,0.0001,0.1,0.9,0.05,epsilon-greedy,qlsa-stage2,3,538,539,540.333333,0.185874,747.361667,82.829722,0.933235,0.656563,18689501.000000,8827064.333333
eil76,qlsa-omp,omp,32,8,2000000,1000,0.001,0.05,0.8,0.2,epsilon-greedy,qlsa-stage2,3,538,539,541.333333,0.185874,769.348333,128.559475,0.955222,0.637800,18259449.000000,8564804.000000
eil76,qlsa-omp,omp,32,8,2000000,1000,0.001,0.1,0.9,0.05,epsilon-greedy,qlsa-stage2,3,538,539,542.000000,0.185874,791.298333,112.731685,0.977172,0.620107,18189215.000000,8571642.666667
eil76,qlsa-omp,omp,32,8,2000000,3000,0.0001,0.05,0.8,0.2,epsilon-greedy,qlsa-stage2,3,538,539,541.000000,0.185874,853.611333,83.456688,1.039485,0.574840,18765723.666667,8823215.666667
eil76,qlsa-omp,omp,32,8,2000000,1000,0.0001,0.05,0.8,0.2,epsilon-greedy,qlsa-stage2,3,538,539,542.666667,0.185874,862.310667,115.280820,1.048184,0.569041,15708809.333333,7339595.666667
eil76,qlsa-omp,omp,32,8,2000000,300,0.001,0.1,0.8,0.2,softmax,qlsa-stage2,3,538,539,540.666667,0.185874,1311.521667,27.363391,1.497395,0.374138,14015055.666667,6465278.666667
eil76,qlsa-omp,omp,32,8,1000000,1000,0.001,0.05,0.9,0.1,epsilon-greedy,qlsa-stage1,3,538,540,544.333333,0.371747,353.000333,9.154130,0.724748,1.390055,9105675.333333,4288450.000000
eil76,qlsa-omp,omp,32,8,1000000,300,0.001,0.1,0.9,0.05,epsilon-greedy,qlsa-stage2,3,538,540,543.666667,0.371747,362.302000,59.198645,0.734049,1.354367,6964761.000000,3260231.333333
eil76,qlsa-omp,omp,32,8,1000000,1000,0.001,0.2,0.8,0.2,epsilon-greedy,qlsa-stage1,3,538,540,542.666667,0.371747,369.620000,39.125711,0.741367,1.327553,9150594.333333,4279730.000000
eil76,qlsa-omp,omp,32,8,1000000,1000,0.001,0.1,0.9,0.2,epsilon-greedy,qlsa-stage1,3,538,540,543.666667,0.371747,391.804333,67.386208,0.763552,1.252385,9141477.666667,4282412.333333
eil76,qlsa-omp,omp,32,8,1000000,1000,0.001,0.05,0.95,0.1,epsilon-greedy,qlsa-stage1,3,538,540,543.333333,0.371747,405.579667,30.698637,0.777327,1.209849,9106566.333333,4286637.333333
eil76,qlsa-omp,omp,32,8,1000000,3000,0.0001,0.05,0.8,0.2,epsilon-greedy,qlsa-stage2,3,538,540,542.333333,0.371747,407.626667,56.673725,0.779374,1.203773,9379186.000000,4412732.666667
eil76,qlsa-omp,omp,32,8,1000000,1000,0.001,0.1,0.95,0.2,epsilon-greedy,qlsa-stage1,3,538,540,541.333333,0.371747,408.441667,39.222574,0.780189,1.201371,9145529.000000,4280952.333333
eil76,qlsa-omp,omp,32,8,1000000,3000,0.001,0.05,0.8,0.2,epsilon-greedy,qlsa-stage2,3,538,540,543.000000,0.371747,419.797000,53.662652,0.791544,1.168874,10805073.333333,5092157.666667
eil76,qlsa-omp,omp,32,8,1000000,1000,0.001,0.05,0.8,0.1,softmax,qlsa-stage1,3,538,540,541.333333,0.371747,631.769333,13.844075,1.003517,0.776692,9162901.333333,4278298.666667
eil76,qlsa-omp,omp,32,8,1000000,1000,0.001,0.05,0.8,0.05,softmax,qlsa-stage1,3,538,540,541.333333,0.371747,637.660000,14.333875,1.009407,0.769517,9162901.333333,4278298.666667
eil76,qlsa-omp,omp,32,8,1000000,1000,0.001,0.05,0.9,0.1,softmax,qlsa-stage1,3,538,540,541.666667,0.371747,644.090000,15.872207,1.015837,0.761835,9148384.666667,4282212.333333
eil76,qlsa-omp,omp,32,8,1000000,300,0.0001,0.1,0.8,0.2,softmax,qlsa-stage2,3,538,540,542.666667,0.371747,665.117667,7.883086,1.036865,0.737749,5940061.666667,2736984.666667
eil76,qlsa-omp,omp,32,8,1000000,1000,0.001,0.05,0.9,0.2,softmax,qlsa-stage1,3,538,540,541.666667,0.371747,671.457333,21.047727,1.043205,0.730784,9148384.666667,4282212.333333
eil76,qlsa-omp,omp,32,8,1000000,1000,0.001,0.05,0.9,0.05,softmax,qlsa-stage1,3,538,540,541.666667,0.371747,671.553000,43.028982,1.043300,0.730679,9148384.666667,4282212.333333
eil76,qlsa-omp,omp,32,8,1000000,1000,0.001,0.05,0.8,0.2,softmax,qlsa-stage1,3,538,540,541.333333,0.371747,685.670333,20.735268,1.057418,0.715635,9162901.333333,4278298.666667
eil76,qlsa-omp,omp,32,8,2000000,3000,0.001,0.05,0.8,0.2,epsilon-greedy,qlsa-stage2,3,538,540,540.666667,0.371747,730.542667,82.393541,1.102290,0.671679,21588568.666667,10179323.333333
eil76,qlsa-omp,omp,32,8,2000000,300,0.001,0.1,0.9,0.05,epsilon-greedy,qlsa-stage2,3,538,540,540.000000,0.371747,747.489000,90.788153,1.119236,0.656451,13913922.333333,6514555.333333
eil76,qlsa-omp,omp,32,8,2000000,300,0.001,0.05,0.8,0.2,epsilon-greedy,qlsa-stage2,3,538,540,541.666667,0.371747,785.401000,63.449696,1.157148,0.624764,14000399.666667,6502138.333333
eil76,qlsa-omp,omp,32,8,2000000,1000,0.001,0.1,0.8,0.2,softmax,qlsa-stage2,3,538,540,541.333333,0.371747,1401.569333,19.674429,1.773317,0.350100,18211672.666667,8524632.333333
eil76,qlsa-omp,omp,32,8,1000000,300,0.0001,0.1,0.9,0.05,epsilon-greedy,qlsa-stage2,3,538,541,543.333333,0.557621,371.937667,54.083385,0.929558,1.319280,5916138.000000,2757190.666667
eil76,qlsa-omp,omp,32,8,1000000,1000,0.001,0.05,0.8,0.05,epsilon-greedy,qlsa-stage1,3,538,541,542.000000,0.557621,382.434667,31.127506,0.940055,1.283069,9091300.666667,4289158.333333
eil76,qlsa-omp,omp,32,8,1000000,1000,0.001,0.2,0.9,0.05,epsilon-greedy,qlsa-stage1,3,538,541,542.333333,0.557621,386.416667,32.548196,0.944037,1.269847,9107894.666667,4287923.666667
eil76,qlsa-omp,omp,32,8,1000000,1000,0.001,0.2,0.95,0.2,epsilon-greedy,qlsa-stage1,3,538,541,542.333333,0.557621,397.608000,50.509775,0.955229,1.234105,9150649.333333,4279126.666667
eil76,qlsa-omp,omp,32,8,1000000,1000,0.001,0.2,0.95,0.1,epsilon-greedy,qlsa-stage1,3,538,541,545.333333,0.557621,404.729333,49.306960,0.962350,1.212391,9128745.000000,4284350.000000
eil76,qlsa-omp,omp,32,8,1000000,1000,0.001,0.1,0.95,0.1,epsilon-greedy,qlsa-stage1,3,538,541,544.666667,0.557621,407.148000,55.087951,0.964769,1.205188,9115762.666667,4287340.333333
eil76,qlsa-omp,omp,32,8,2000000,1000,0.0001,0.1,0.9,0.05,epsilon-greedy,qlsa-stage2,3,538,541,543.000000,0.557621,787.783000,95.027893,1.345404,0.622875,15628446.666667,7349571.666667
eil76,qlsa-omp,omp,32,8,2000000,3000,0.001,0.1,0.9,0.05,epsilon-greedy,qlsa-stage2,3,538,541,542.000000,0.557621,856.800667,82.974769,1.414421,0.572700,21532022.666667,10189910.666667
eil76,qlsa-omp,omp,32,8,2000000,1000,0.0001,0.1,0.8,0.2,softmax,qlsa-stage2,3,538,541,543.666667,0.557621,1318.394333,14.290218,1.876015,0.372188,15654182.000000,7302794.333333
eil76,qlsa-omp,omp,32,8,2000000,3000,0.0001,0.1,0.8,0.2,softmax,qlsa-stage2,3,538,541,544.333333,0.557621,1333.750667,88.262377,1.891371,0.367902,18751005.000000,8787454.333333
eil76,qlsa-omp,omp,32,8,1000000,1000,0.001,0.1,0.9,0.1,epsilon-greedy,qlsa-stage1,3,538,542,544.000000,0.743494,371.172333,41.391350,1.114667,1.322000,9114466.666667,4286473.333333
eil76,qlsa-omp,omp,32,8,1000000,1000,0.001,0.1,0.8,0.1,epsilon-greedy,qlsa-stage1,3,538,542,544.000000,0.743494,371.903667,46.962182,1.115398,1.319401,9115117.333333,4286320.333333
eil76,qlsa-omp,omp,32,8,1000000,1000,0.001,0.2,0.8,0.05,epsilon-greedy,qlsa-stage1,3,538,542,545.000000,0.743494,374.415000,70.632610,1.117909,1.310551,9098765.333333,4285107.000000
eil76,qlsa-omp,omp,32,8,1000000,1000,0.001,0.05,0.95,0.2,epsilon-greedy,qlsa-stage1,3,538,542,543.000000,0.743494,376.661667,49.675874,1.120156,1.302734,9135654.000000,4283125.333333
eil76,qlsa-omp,omp,32,8,1000000,1000,0.001,0.2,0.8,0.1,epsilon-greedy,qlsa-stage1,3,538,542,543.000000,0.743494,393.621000,39.829346,1.137115,1.246605,9125430.333333,4282716.333333
eil76,qlsa-omp,omp,32,8,1000000,1000,0.001,0.2,0.95,0.05,softmax,qlsa-stage1,3,538,542,545.333333,0.743494,635.350000,11.246869,1.378844,0.772314,9080507.000000,4288322.000000
eil76,qlsa-omp,omp,32,8,1000000,1000,0.001,0.2,0.95,0.1,softmax,qlsa-stage1,3,538,542,545.333333,0.743494,643.599333,8.442831,1.387094,0.762415,9080507.000000,4288322.000000
eil76,qlsa-omp,omp,32,8,1000000,1000,0.001,0.2,0.95,0.2,softmax,qlsa-stage1,3,538,542,545.333333,0.743494,673.413000,24.897212,1.416907,0.728661,9080507.000000,4288322.000000
eil76,qlsa-omp,omp,32,8,1000000,1000,0.001,0.1,0.8,0.2,epsilon-greedy,qlsa-stage1,3,538,543,544.333333,0.929368,373.919667,46.505936,1.303288,1.312287,9144636.333333,4282148.000000
eil76,qlsa-omp,omp,32,8,1000000,3000,0.0001,0.1,0.9,0.05,epsilon-greedy,qlsa-stage2,3,538,543,544.333333,0.929368,383.898667,56.100255,1.313267,1.278176,9351016.000000,4417436.333333
eil76,qlsa-omp,omp,32,8,1000000,1000,0.001,0.2,0.9,0.2,epsilon-greedy,qlsa-stage1,3,538,543,543.666667,0.929368,393.487333,45.977630,1.322855,1.247029,9160009.333333,4281329.666667
eil76,qlsa-omp,omp,32,8,1000000,1000,0.001,0.05,0.95,0.05,epsilon-greedy,qlsa-stage1,3,538,543,545.000000,0.929368,395.767333,26.560819,1.325135,1.239845,9091021.000000,4291024.666667
eil76,qlsa-omp,omp,32,8,1000000,1000,0.001,0.05,0.9,0.05,epsilon-greedy,qlsa-stage1,3,538,543,544.333333,0.929368,412.249333,67.250216,1.341617,1.190275,9095115.000000,4288850.333333
eil76,qlsa-omp,omp,32,8,1000000,1000,0.001,0.1,0.95,0.05,epsilon-greedy,qlsa-stage1,3,538,543,543.666667,0.929368,413.187667,61.327449,1.342556,1.187572,9096300.666667,4288252.666667
eil76,qlsa-omp,omp,32,8,1000000,300,0.001,0.1,0.8,0.2,softmax,qlsa-stage2,3,538,543,545.000000,0.929368,619.710000,6.687242,1.549078,0.791806,7004510.000000,3235662.000000
eil76,qlsa-omp,omp,32,8,1000000,1000,0.0001,0.1,0.8,0.2,softmax,qlsa-stage2,3,538,543,545.666667,0.929368,675.382667,44.378855,1.604751,0.726536,7853083.666667,3654142.333333
eil76,qlsa-omp,omp,32,8,1000000,1000,0.0001,0.05,0.8,0.2,epsilon-greedy,qlsa-stage2,3,538,544,546.000000,1.115242,409.899000,70.039208,1.525141,1.197100,7852342.000000,3673024.333333
eil76,qlsa-omp,omp,32,8,1000000,1000,0.001,0.2,0.95,0.05,epsilon-greedy,qlsa-stage1,3,538,544,545.000000,1.115242,424.742333,33.317426,1.539984,1.155265,9115176.333333,4286263.333333
eil76,qlsa-omp,omp,32,8,1000000,3000,0.0001,0.1,0.8,0.2,softmax,qlsa-stage2,3,538,544,547.000000,1.115242,656.210667,10.089179,1.771452,0.747763,9368413.333333,4399304.666667
eil76,qlsa-omp,omp,32,8,1000000,1000,0.001,0.1,0.95,0.2,softmax,qlsa-stage1,3,538,544,545.000000,1.115242,661.017333,3.270029,1.776259,0.742325,9106968.666667,4291634.000000
eil76,qlsa-omp,omp,32,8,1000000,1000,0.001,0.1,0.95,0.1,softmax,qlsa-stage1,3,538,544,545.000000,1.115242,668.161000,41.703482,1.783403,0.734389,9106968.666667,4291634.000000
eil76,qlsa-omp,omp,32,8,1000000,3000,0.001,0.1,0.8,0.2,softmax,qlsa-stage2,3,538,544,547.666667,1.115242,676.260667,11.113191,1.791502,0.725593,10801355.333333,5075578.666667
eil76,qlsa-omp,omp,32,8,1000000,1000,0.001,0.1,0.95,0.05,softmax,qlsa-stage1,3,538,544,545.000000,1.115242,705.223667,39.847688,1.820465,0.695793,9106968.666667,4291634.000000
eil76,qlsa-omp,omp,32,8,2000000,300,0.0001,0.1,0.9,0.05,epsilon-greedy,qlsa-stage2,3,538,544,545.000000,1.115242,721.487667,112.298746,1.836729,0.680109,11824801.333333,5510032.666667
eil76,qlsa-omp,omp,32,8,2000000,3000,0.001,0.1,0.8,0.2,softmax,qlsa-stage2,3,538,544,546.000000,1.115242,1328.542667,21.958239,2.443784,0.369345,21554577.333333,10147353.333333
eil76,qlsa-omp,omp,32,8,2000000,300,0.0001,0.1,0.8,0.2,softmax,qlsa-stage2,3,538,544,545.000000,1.115242,1383.028667,29.226326,2.498270,0.354794,11889711.666667,5466945.333333
eil76,qlsa-omp,omp,32,8,1000000,1000,0.001,0.05,0.9,0.2,epsilon-greedy,qlsa-stage1,3,538,545,546.333333,1.301115,429.580667,18.173532,1.730696,1.142253,9128548.000000,4283139.666667
eil76,qlsa-omp,omp,32,8,1000000,1000,0.001,0.05,0.95,0.1,softmax,qlsa-stage1,3,538,545,547.000000,1.301115,640.806667,16.730872,1.941922,0.765738,9123035.333333,4287250.666667
eil76,qlsa-omp,omp,32,8,1000000,1000,0.001,0.05,0.95,0.2,softmax,qlsa-stage1,3,538,545,547.000000,1.301115,660.432000,8.803990,1.961547,0.742983,9123035.333333,4287250.666667
eil76,qlsa-omp,omp,32,8,1000000,1000,0.001,0.05,0.95,0.05,softmax,qlsa-stage1,3,538,545,547.000000,1.301115,675.681667,17.601471,1.976797,0.726215,9123035.333333,4287250.666667
eil76,qlsa-omp,omp,32,8,1000000,3000,0.001,0.1,0.9,0.05,epsilon-greedy,qlsa-stage2,3,538,546,547.333333,1.486989,406.689667,33.467975,1.893679,1.206547,10774218.333333,5097305.000000
eil76,qlsa-omp,omp,32,8,1000000,1000,0.001,0.2,0.9,0.2,softmax,qlsa-stage1,3,538,549,550.333333,2.044610,632.743333,16.146755,2.677353,0.775496,9157236.666667,4259222.333333
eil76,qlsa-omp,omp,32,8,1000000,1000,0.001,0.2,0.8,0.1,softmax,qlsa-stage1,3,538,549,551.666667,2.044610,645.206333,7.456214,2.689816,0.760516,9266952.333333,4254900.333333
eil76,qlsa-omp,omp,32,8,1000000,1000,0.001,0.2,0.8,0.05,softmax,qlsa-stage1,3,538,549,551.666667,2.044610,649.834667,28.934345,2.694444,0.755100,9266952.333333,4254900.333333
eil76,qlsa-omp,omp,32,8,1000000,1000,0.001,0.2,0.8,0.2,softmax,qlsa-stage1,3,538,549,551.666667,2.044610,650.329000,34.890617,2.694939,0.754526,9266952.333333,4254900.333333
eil76,qlsa-omp,omp,32,8,1000000,1000,0.001,0.2,0.9,0.1,softmax,qlsa-stage1,3,538,549,550.333333,2.044610,669.937000,17.193325,2.714547,0.732442,9157236.666667,4259222.333333
eil76,qlsa-omp,omp,32,8,1000000,1000,0.001,0.2,0.9,0.05,softmax,qlsa-stage1,3,538,549,550.333333,2.044610,687.723333,18.354796,2.732333,0.713499,9157236.666667,4259222.333333
eil76,sa-omp,omp,32,8,1000000,300,0.001,,,,,sa-grid,3,538,538,541.000000,0.000000,183.370000,0.982629,0.183370,1.340559,6789941.666667,3256909.666667
eil76,sa-omp,omp,32,8,2000000,100,0.0001,,,,,sa-grid,3,538,538,541.000000,0.000000,345.621667,8.585611,0.345622,0.711235,7634866.333333,3624852.666667
eil76,sa-omp,omp,32,8,2000000,300,0.0001,,,,,sa-grid,3,538,538,538.000000,0.000000,352.769667,4.363691,0.352770,0.696824,11506302.333333,5506744.666667
eil76,sa-omp,omp,32,8,2000000,3000,1e-05,,,,,sa-grid,3,538,538,540.000000,0.000000,364.819667,4.836212,0.364820,0.673808,16257308.000000,7822698.000000
eil76,sa-omp,omp,32,8,2000000,1000,0.001,,,,,sa-grid,3,538,538,538.666667,0.000000,366.375333,12.615060,0.366375,0.670947,17875504.000000,8596014.666667
eil76,sa-omp,omp,32,8,2000000,1000,0.0001,,,,,sa-grid,3,538,538,538.333333,0.000000,377.218333,11.670931,0.377218,0.651661,15336071.666667,7370010.000000
eil76,sa-omp,omp,32,8,1000000,100,0.001,,,,,sa-grid,3,538,539,541.666667,0.185874,172.334000,4.789106,0.358208,1.426406,4569332.666667,2175813.333333
eil76,sa-omp,omp,32,8,1000000,100,1e-05,,,,,sa-grid,3,538,539,542.000000,0.185874,177.013000,3.726199,0.362887,1.388702,3283213.666667,1556404.666667
eil76,sa-omp,omp,32,8,1000000,300,0.0001,,,,,sa-grid,3,538,539,542.000000,0.185874,178.761333,3.345144,0.364635,1.375120,5753873.666667,2755342.666667
eil76,sa-omp,omp,32,8,1000000,1000,0.001,,,,,sa-grid,3,538,539,539.666667,0.185874,185.321667,4.940951,0.371195,1.326441,8939210.666667,4300623.000000
eil76,sa-omp,omp,32,8,1000000,3000,0.001,,,,,sa-grid,3,538,539,540.666667,0.185874,192.086667,5.057178,0.377960,1.279726,10624705.000000,5120431.333333
eil76,sa-omp,omp,32,8,2000000,100,1e-05,,,,,sa-grid,3,538,539,543.000000,0.185874,337.917667,1.839520,0.523791,0.727450,6560657.333333,3109009.666667
eil76,sa-omp,omp,32,8,2000000,100,0.001,,,,,sa-grid,3,538,539,540.666667,0.185874,340.064000,7.817536,0.525938,0.722859,9132508.333333,4348060.333333
eil76,sa-omp,omp,32,8,2000000,300,1e-05,,,,,sa-grid,3,538,539,541.333333,0.185874,347.929000,2.693679,0.533803,0.706519,9984890.666667,4771808.666667
eil76,sa-omp,omp,32,8,2000000,300,0.001,,,,,sa-grid,3,538,539,540.000000,0.185874,367.718667,9.208355,0.553592,0.668496,13582904.000000,6511899.000000
eil76,sa-omp,omp,32,8,2000000,3000,0.001,,,,,sa-grid,3,538,539,540.333333,0.185874,385.002333,5.910286,0.570876,0.638485,21245856.000000,10237590.333333
eil76,sa-omp,omp,32,8,1000000,300,1e-05,,,,,sa-grid,3,538,540,543.000000,0.371747,178.233667,4.522544,0.549981,1.379191,4992449.000000,2387395.333333
eil76,sa-omp,omp,32,8,2000000,1000,1e-05,,,,,sa-grid,3,538,540,541.666667,0.371747,374.267667,7.911167,0.746015,0.656798,13433044.666667,6446763.000000
eil76,sa-omp,omp,32,8,1000000,100,0.0001,,,,,sa-grid,3,538,541,542.333333,0.557621,177.754667,5.025759,0.735375,1.382908,3818741.000000,1814681.333333
eil76,sa-omp,omp,32,8,2000000,3000,0.0001,,,,,sa-grid,3,538,541,541.333333,0.557621,367.677333,5.472377,0.925298,0.668571,18419513.333333,8869702.000000
eil76,sa-omp,omp,32,8,1000000,1000,1e-05,,,,,sa-grid,3,538,542,542.000000,0.743494,183.593333,3.353029,0.927088,1.338928,6717950.000000,3225943.000000
eil76,sa-omp,omp,32,8,1000000,3000,1e-05,,,,,sa-grid,3,538,542,543.666667,0.743494,187.972667,9.893763,0.931467,1.307734,8131108.333333,3913556.000000
eil76,sa-omp,omp,32,8,1000000,1000,0.0001,,,,,sa-grid,3,538,543,544.000000,0.929368,183.490000,3.496180,1.112858,1.339682,7669778.333333,3687106.666667
eil76,sa-omp,omp,32,8,1000000,3000,0.0001,,,,,sa-grid,3,538,543,545.000000,0.929368,190.867000,4.402601,1.120235,1.287904,9209909.333333,4436758.666667
rat99,qlsa-omp,omp,32,8,2000000,1000,0.001,0.2,0.95,0.2,epsilon-greedy,qlsa-stage2,3,1211,1211,1214.000000,0.000000,758.231333,99.258296,0.758231,0.751869,13765496.666667,6569134.000000
rat99,qlsa-omp,omp,32,8,2000000,1000,0.001,0.05,0.95,0.2,epsilon-greedy,qlsa-stage2,3,1211,1211,1216.000000,0.000000,799.083667,59.345050,0.799084,0.713431,13735901.666667,6579940.000000
rat99,qlsa-omp,omp,32,8,1000000,1000,0.0001,0.05,0.95,0.2,epsilon-greedy,qlsa-stage2,3,1211,1212,1222.000000,0.082576,355.616333,56.847255,0.438193,1.603106,5903411.000000,2822999.000000
rat99,qlsa-omp,omp,32,8,1000000,1000,0.001,0.2,0.95,0.1,epsilon-greedy,qlsa-stage2,3,1211,1212,1223.666667,0.082576,378.688333,43.905402,0.461265,1.505435,6875676.000000,3294959.000000
rat99,qlsa-omp,omp,32,8,1000000,1000,0.001,0.2,0.95,0.1,epsilon-greedy,qlsa-stage1,3,1211,1212,1223.666667,0.082576,395.201333,57.370735,0.477778,1.442532,6875676.000000,3294959.000000
rat99,qlsa-omp,omp,32,8,2000000,300,0.001,0.2,0.95,0.1,epsilon-greedy,qlsa-stage2,3,1211,1212,1217.000000,0.082576,733.757667,45.974304,0.816334,0.776947,9278994.666667,4408478.333333
rat99,qlsa-omp,omp,32,8,2000000,300,0.001,0.2,0.95,0.2,epsilon-greedy,qlsa-stage2,3,1211,1212,1212.666667,0.082576,746.760333,44.395581,0.829337,0.763419,9301561.000000,4391692.000000
rat99,qlsa-omp,omp,32,8,2000000,300,0.0001,0.2,0.95,0.1,epsilon-greedy,qlsa-stage2,3,1211,1212,1219.333333,0.082576,780.446000,39.336446,0.863022,0.730468,7869943.000000,3728832.000000
rat99,qlsa-omp,omp,32,8,1000000,3000,0.001,0.2,0.95,0.1,epsilon-greedy,qlsa-stage2,3,1211,1213,1219.000000,0.165153,371.828000,42.618953,0.536981,1.533211,8685080.333333,4179051.333333
rat99,qlsa-omp,omp,32,8,1000000,3000,0.0001,0.2,0.95,0.2,epsilon-greedy,qlsa-stage2,3,1211,1213,1225.333333,0.165153,385.698667,35.000294,0.550851,1.478073,7548339.000000,3614436.333333
rat99,qlsa-omp,omp,32,8,1000000,1000,0.001,0.05,0.95,0.2,epsilon-greedy,qlsa-stage2,3,1211,1213,1219.666667,0.165153,398.497000,26.117997,0.563650,1.430602,6874009.000000,3292077.333333
rat99,qlsa-omp,omp,32,8,1000000,1000,0.001,0.05,0.95,0.2,epsilon-greedy,qlsa-stage1,3,1211,1213,1219.666667,0.165153,433.796667,44.212528,0.598949,1.314189,6874009.000000,3292077.333333
rat99,qlsa-omp,omp,32,8,2000000,300,0.0001,0.05,0.95,0.2,epsilon-greedy,qlsa-stage2,3,1211,1213,1213.333333,0.165153,698.498000,106.347903,0.863651,0.816166,7873475.333333,3723618.666667
rat99,qlsa-omp,omp,32,8,2000000,300,0.0001,0.2,0.95,0.2,epsilon-greedy,qlsa-stage2,3,1211,1213,1214.333333,0.165153,724.976333,159.889672,0.890129,0.786358,7903397.333333,3714550.666667
rat99,qlsa-omp,omp,32,8,2000000,3000,0.001,0.2,0.95,0.2,epsilon-greedy,qlsa-stage2,3,1211,1213,1215.333333,0.165153,781.470333,50.662587,0.946623,0.729510,17381127.666667,8338094.333333
rat99,qlsa-omp,omp,32,8,2000000,300,0.001,0.05,0.95,0.2,epsilon-greedy,qlsa-stage2,3,1211,1213,1216.000000,0.165153,783.505667,106.868332,0.948658,0.727615,9272904.333333,4402809.333333
rat99,qlsa-omp,omp,32,8,2000000,3000,0.001,0.05,0.95,0.2,epsilon-greedy,qlsa-stage2,3,1211,1213,1218.000000,0.165153,793.861667,31.440985,0.959014,0.718123,17358163.000000,8346899.000000
rat99,qlsa-omp,omp,32,8,2000000,1000,0.0001,0.2,0.95,0.1,epsilon-greedy,qlsa-stage2,3,1211,1213,1215.333333,0.165153,796.205000,87.348673,0.961358,0.716010,11802093.000000,5644956.333333
rat99,qlsa-omp,omp,32,8,1000000,1000,0.001,0.2,0.95,0.2,epsilon-greedy,qlsa-stage2,3,1211,1214,1219.000000,0.247729,366.273667,31.375230,0.614003,1.556461,6887119.000000,3286694.666667
rat99,qlsa-omp,omp,32,8,1000000,3000,0.001,0.05,0.95,0.2,epsilon-greedy,qlsa-stage2,3,1211,1214,1222.000000,0.247729,378.957667,27.678376,0.626687,1.504365,8681990.000000,4176509.000000
rat99,qlsa-omp,omp,32,8,1000000,1000,0.001,0.2,0.95,0.2,epsilon-greedy,qlsa-stage1,3,1211,1214,1219.000000,0.247729,388.605000,60.039592,0.636334,1.467018,6887119.000000,3286694.666667
rat99,qlsa-omp,omp,32,8,1000000,1000,0.001,0.05,0.95,0.05,epsilon-greedy,qlsa-stage1,3,1211,1215,1223.666667,0.330306,354.127333,23.947250,0.684433,1.609847,6864051.333333,3306476.333333
rat99,qlsa-omp,omp,32,8,2000000,1000,0.001,0.2,0.95,0.1,epsilon-greedy,qlsa-stage2,3,1211,1215,1219.666667,0.330306,689.655000,72.228543,1.019961,0.826632,13736299.666667,6586103.333333
rat99,qlsa-omp,omp,32,8,2000000,3000,0.0001,0.05,0.95,0.2,epsilon-greedy,qlsa-stage2,3,1211,1215,1218.000000,0.330306,776.280333,88.338056,1.106586,0.734388,15061494.000000,7232220.333333
rat99,qlsa-omp,omp,32,8,2000000,1000,0.0001,0.2,0.95,0.2,epsilon-greedy,qlsa-stage2,3,1211,1216,1216.666667,0.412882,754.798000,108.738315,1.167680,0.755289,11838071.333333,5633069.666667
rat99,qlsa-omp,omp,32,8,2000000,3000,0.0001,0.2,0.95,0.1,epsilon-greedy,qlsa-stage2,3,1211,1216,1221.000000,0.412882,756.353667,135.556185,1.169236,0.753736,15065879.333333,7236481.333333
rat99,qlsa-omp,omp,32,8,2000000,3000,0.001,0.2,0.95,0.1,epsilon-greedy,qlsa-stage2,3,1211,1216,1219.666667,0.412882,792.318333,94.239860,1.205200,0.719522,17359253.333333,8351563.333333
rat99,qlsa-omp,omp,32,8,1000000,1000,0.001,0.1,0.9,0.2,epsilon-greedy,qlsa-stage1,3,1211,1217,1224.666667,0.495458,368.535667,59.850960,0.863994,1.546908,6879995.000000,3290921.333333
rat99,qlsa-omp,omp,32,8,1000000,1000,0.001,0.05,0.9,0.2,epsilon-greedy,qlsa-stage1,3,1211,1217,1227.333333,0.495458,373.563333,51.391080,0.869022,1.526088,6876036.666667,3294229.666667
rat99,qlsa-omp,omp,32,8,1000000,1000,0.001,0.05,0.95,0.1,epsilon-greedy,qlsa-stage1,3,1211,1217,1225.000000,0.495458,411.802000,56.646528,0.907260,1.384381,6866118.333333,3300667.333333
rat99,qlsa-omp,omp,32,8,1000000,300,0.0001,0.2,0.95,0.1,epsilon-greedy,qlsa-stage2,3,1211,1218,1225.333333,0.578035,365.595667,59.261957,0.943630,1.559347,3942150.666667,1866427.666667
rat99,qlsa-omp,omp,32,8,1000000,1000,0.001,0.1,0.8,0.2,epsilon-greedy,qlsa-stage1,3,1211,1218,1226.666667,0.578035,366.170667,52.846260,0.944205,1.556899,6877745.666667,3290215.333333
rat99,qlsa-omp,omp,32,8,1000000,300,0.001,0.2,0.95,0.2,epsilon-greedy,qlsa-stage2,3,1211,1218,1219.666667,0.578035,366.704000,38.289191,0.944739,1.554634,4663251.333333,2199987.333333
rat99,qlsa-omp,omp,32,8,1000000,1000,0.001,0.1,0.9,0.05,epsilon-greedy,qlsa-stage1,3,1211,1218,1225.666667,0.578035,382.544667,22.235405,0.960579,1.490259,6864087.666667,3304197.666667
rat99,qlsa-omp,omp,32,8,1000000,1000,0.001,0.2,0.9,0.05,epsilon-greedy,qlsa-stage1,3,1211,1218,1224.666667,0.578035,391.055333,29.051185,0.969090,1.457826,6866514.666667,3300802.333333
rat99,qlsa-omp,omp,32,8,1000000,1000,0.001,0.05,0.8,0.1,epsilon-greedy,qlsa-stage1,3,1211,1219,1221.000000,0.660611,354.182333,52.117815,1.014793,1.609597,6866883.666667,3301058.666667
rat99,qlsa-omp,omp,32,8,1000000,1000,0.0001,0.2,0.95,0.2,epsilon-greedy,qlsa-stage2,3,1211,1219,1223.000000,0.660611,367.995667,31.349334,1.028607,1.549178,5923733.333333,2818566.666667
rat99,qlsa-omp,omp,32,8,1000000,1000,0.001,0.1,0.8,0.1,epsilon-greedy,qlsa-stage1,3,1211,1219,1225.666667,0.660611,389.460000,75.084000,1.050071,1.463798,6866624.333333,3298801.666667
rat99,qlsa-omp,omp,32,8,1000000,300,0.0001,0.2,0.95,0.2,epsilon-greedy,qlsa-stage2,3,1211,1219,1222.333333,0.660611,423.403667,32.113799,1.084015,1.346447,3958152.333333,1859110.666667
rat99,qlsa-omp,omp,32,8,2000000,1000,0.0001,0.05,0.95,0.2,epsilon-greedy,qlsa-stage2,3,1211,1219,1220.333333,0.660611,736.864667,117.419113,1.397476,0.773671,11804424.666667,5641137.000000
rat99,qlsa-omp,omp,32,8,2000000,3000,0.0001,0.2,0.95,0.2,epsilon-greedy,qlsa-stage2,3,1211,1219,1223.000000,0.660611,756.374333,83.851248,1.416985,0.753715,15092094.333333,7225156.333333
rat99,qlsa-omp,omp,32,8,1000000,1000,0.001,0.2,0.8,0.05,epsilon-greedy,qlsa-stage1,3,1211,1220,1226.000000,0.743187,356.009000,33.932554,1.099196,1.601338,6867538.333333,3299129.333333
rat99,qlsa-omp,omp,32,8,1000000,1000,0.001,0.2,0.95,0.05,epsilon-greedy,qlsa-stage1,3,1211,1220,1221.000000,0.743187,356.471667,67.167804,1.099659,1.599259,6868486.000000,3300734.666667
rat99,qlsa-omp,omp,32,8,1000000,3000,0.001,0.2,0.95,0.2,epsilon-greedy,qlsa-stage2,3,1211,1220,1223.333333,0.743187,404.101333,48.598546,1.147289,1.410762,8699286.333333,4172433.666667
rat99,qlsa-omp,omp,32,8,1000000,1000,0.001,0.2,0.9,0.1,epsilon-greedy,qlsa-stage1,3,1211,1220,1224.666667,0.743187,421.680333,49.059224,1.164868,1.351950,6875101.666667,3295179.333333
rat99,qlsa-omp,omp,32,8,1000000,1000,0.001,0.1,0.95,0.1,epsilon-greedy,qlsa-stage1,3,1211,1221,1228.666667,0.825764,359.533667,30.626757,1.185297,1.585639,6871303.666667,3297342.000000
rat99,qlsa-omp,omp,32,8,1000000,300,0.001,0.05,0.95,0.2,epsilon-greedy,qlsa-stage2,3,1211,1221,1223.666667,0.825764,392.845667,6.733502,1.218609,1.451182,4641669.000000,2202901.333333
rat99,qlsa-omp,omp,32,8,1000000,1000,0.001,0.05,0.9,0.1,epsilon-greedy,qlsa-stage1,3,1211,1221,1228.333333,0.825764,404.604333,54.666676,1.230368,1.409008,6872108.666667,3302198.333333
rat99,qlsa-omp,omp,32,8,1000000,1000,0.001,0.05,0.8,0.2,epsilon-greedy,qlsa-stage1,3,1211,1221,1225.333333,0.825764,405.813333,14.646014,1.231577,1.404810,6871263.666667,3292462.000000
rat99,qlsa-omp,omp,32,8,1000000,300,0.0001,0.05,0.95,0.2,epsilon-greedy,qlsa-stage2,3,1211,1222,1225.000000,0.908340,348.039667,35.546979,1.256380,1.638005,3942947.333333,1863897.666667
rat99,qlsa-omp,omp,32,8,1000000,300,0.001,0.2,0.95,0.1,epsilon-greedy,qlsa-stage2,3,1211,1222,1226.333333,0.908340,431.862333,47.020633,1.340203,1.320075,4641047.333333,2207950.333333
rat99,qlsa-omp,omp,32,8,1000000,1000,0.001,0.1,0.95,0.2,epsilon-greedy,qlsa-stage1,3,1211,1224,1226.333333,1.073493,372.260000,61.912018,1.445753,1.531431,6878609.666667,3290735.333333
rat99,qlsa-omp,omp,32,8,1000000,1000,0.001,0.05,0.8,0.05,epsilon-greedy,qlsa-stage1,3,1211,1224,1230.000000,1.073493,374.823000,83.687470,1.448316,1.520960,6857813.000000,3305249.666667
rat99,qlsa-omp,omp,32,8,1000000,1000,0.001,0.2,0.9,0.2,epsilon-greedy,qlsa-stage1,3,1211,1224,1229.000000,1.073493,379.777000,72.231820,1.453270,1.501120,6886932.333333,3287213.333333
rat99,qlsa-omp,omp,32,8,1000000,1000,0.001,0.2,0.8,0.2,epsilon-greedy,qlsa-stage1,3,1211,1224,1227.666667,1.073493,397.996667,50.475645,1.471490,1.432401,6888378.666667,3286802.000000
rat99,qlsa-omp,omp,32,8,1000000,1000,0.001,0.1,0.95,0.05,epsilon-greedy,qlsa-stage1,3,1211,1224,1231.000000,1.073493,399.128000,44.448013,1.472621,1.428340,6864824.000000,3303503.333333
rat99,qlsa-omp,omp,32,8,1000000,1000,0.001,0.2,0.8,0.1,epsilon-greedy,qlsa-stage1,3,1211,1224,1226.333333,1.073493,417.847333,4.239208,1.491340,1.364352,6873657.666667,3294054.333333
rat99,qlsa-omp,omp,32,8,1000000,1000,0.001,0.1,0.8,0.05,epsilon-greedy,qlsa-stage1,3,1211,1225,1230.333333,1.156069,351.560333,35.702229,1.507630,1.621601,6856811.333333,3301705.333333
rat99,qlsa-omp,omp,32,8,1000000,1000,0.001,0.1,0.9,0.1,epsilon-greedy,qlsa-stage1,3,1211,1225,1226.333333,1.156069,369.588000,47.516289,1.525657,1.542503,6866797.333333,3297158.666667
rat99,qlsa-omp,omp,32,8,1000000,3000,0.0001,0.2,0.95,0.1,epsilon-greedy,qlsa-stage2,3,1211,1225,1227.666667,1.156069,415.305333,79.553068,1.571375,1.372702,7537716.666667,3620978.666667
rat99,qlsa-omp,omp,32,8,1000000,1000,0.001,0.05,0.9,0.05,epsilon-greedy,qlsa-stage1,3,1211,1226,1230.333333,1.238646,389.718333,31.673453,1.628364,1.462827,6859584.666667,3306745.666667
rat99,qlsa-omp,omp,32,8,1000000,1000,0.0001,0.2,0.95,0.1,epsilon-greedy,qlsa-stage2,3,1211,1227,1229.333333,1.321222,428.526667,8.669874,1.749749,1.330351,5903994.000000,2826063.000000
rat99,qlsa-omp,omp,32,8,1000000,3000,0.0001,0.05,0.95,0.2,epsilon-greedy,qlsa-stage2,3,1211,1228,1230.333333,1.403799,391.119667,53.284796,1.794918,1.457586,7541687.000000,3620673.666667
rat99,qlsa-omp,omp,32,8,1000000,1000,0.001,0.1,0.95,0.05,softmax,qlsa-stage1,3,1211,1229,1249.333333,1.486375,640.018667,12.049002,2.126394,0.890741,6844078.000000,3306024.000000
rat99,qlsa-omp,omp,32,8,1000000,1000,0.001,0.1,0.95,0.2,softmax,qlsa-stage1,3,1211,1229,1249.333333,1.486375,654.516000,32.167151,2.140891,0.871011,6844078.000000,3306024.000000
rat99,qlsa-omp,omp,32,8,1000000,1000,0.001,0.1,0.95,0.1,softmax,qlsa-stage1,3,1211,1229,1249.333333,1.486375,662.111333,21.656097,2.148486,0.861019,6844078.000000,3306024.000000
rat99,qlsa-omp,omp,32,8,1000000,1000,0.001,0.2,0.9,0.1,softmax,qlsa-stage1,3,1211,1235,1241.000000,1.981833,615.869333,15.339698,2.597703,0.925668,6979232.333333,3255991.666667
rat99,qlsa-omp,omp,32,8,1000000,1000,0.001,0.2,0.9,0.05,softmax,qlsa-stage1,3,1211,1235,1241.000000,1.981833,635.987667,22.663848,2.617821,0.896386,6979232.333333,3255991.666667
rat99,qlsa-omp,omp,32,8,1000000,1000,0.001,0.2,0.9,0.2,softmax,qlsa-stage1,3,1211,1235,1241.000000,1.981833,650.175000,46.774627,2.632008,0.876826,6979232.333333,3255991.666667
rat99,qlsa-omp,omp,32,8,1000000,1000,0.001,0.05,0.95,0.1,softmax,qlsa-stage1,3,1211,1241,1243.000000,2.477291,630.724667,16.269842,3.108016,0.903866,6846210.333333,3308337.000000
rat99,qlsa-omp,omp,32,8,1000000,1000,0.001,0.05,0.95,0.2,softmax,qlsa-stage1,3,1211,1241,1243.000000,2.477291,665.415333,19.256347,3.142707,0.856744,6846210.333333,3308337.000000
rat99,qlsa-omp,omp,32,8,1000000,1000,0.001,0.05,0.95,0.05,softmax,qlsa-stage1,3,1211,1241,1243.000000,2.477291,667.787667,19.155085,3.145079,0.853701,6846210.333333,3308337.000000
rat99,qlsa-omp,omp,32,8,1000000,1000,0.001,0.2,0.8,0.05,softmax,qlsa-stage1,3,1211,1243,1251.000000,2.642444,643.075667,16.765122,3.285520,0.886506,6985180.333333,3244752.666667
rat99,qlsa-omp,omp,32,8,1000000,1000,0.001,0.2,0.8,0.1,softmax,qlsa-stage1,3,1211,1243,1251.000000,2.642444,644.205000,7.037581,3.286649,0.884952,6985180.333333,3244752.666667
rat99,qlsa-omp,omp,32,8,1000000,1000,0.001,0.2,0.8,0.2,softmax,qlsa-stage1,3,1211,1243,1251.000000,2.642444,679.116333,9.847264,3.321561,0.839460,6985180.333333,3244752.666667
rat99,qlsa-omp,omp,32,8,1000000,1000,0.001,0.1,0.8,0.2,softmax,qlsa-stage1,3,1211,1244,1250.000000,2.725021,638.258333,29.760881,3.363279,0.893197,6962424.333333,3256331.333333
rat99,qlsa-omp,omp,32,8,1000000,1000,0.001,0.1,0.8,0.1,softmax,qlsa-stage1,3,1211,1244,1250.000000,2.725021,660.691667,19.382718,3.385712,0.862869,6962424.333333,3256331.333333
rat99,qlsa-omp,omp,32,8,1000000,1000,0.001,0.1,0.8,0.05,softmax,qlsa-stage1,3,1211,1244,1250.000000,2.725021,669.153667,17.930445,3.394174,0.851958,6962424.333333,3256331.333333
rat99,qlsa-omp,omp,32,8,1000000,1000,0.001,0.05,0.8,0.2,softmax,qlsa-stage1,3,1211,1248,1263.000000,3.055326,636.526000,11.188757,3.691852,0.895628,6813619.000000,3284784.333333
rat99,qlsa-omp,omp,32,8,1000000,1000,0.001,0.05,0.8,0.05,softmax,qlsa-stage1,3,1211,1248,1263.000000,3.055326,640.718667,5.143697,3.696045,0.889768,6813619.000000,3284784.333333
rat99,qlsa-omp,omp,32,8,1000000,1000,0.001,0.05,0.8,0.1,softmax,qlsa-stage1,3,1211,1248,1263.000000,3.055326,665.000333,18.855723,3.720327,0.857279,6813619.000000,3284784.333333
rat99,qlsa-omp,omp,32,8,1000000,1000,0.001,0.1,0.9,0.1,softmax,qlsa-stage1,3,1211,1249,1275.333333,3.137903,654.339667,37.203909,3.792242,0.871246,6808585.000000,3282849.666667
rat99,qlsa-omp,omp,32,8,1000000,1000,0.001,0.1,0.9,0.05,softmax,qlsa-stage1,3,1211,1249,1275.333333,3.137903,665.231667,14.355534,3.803134,0.856981,6808585.000000,3282849.666667
rat99,qlsa-omp,omp,32,8,1000000,1000,0.001,0.1,0.9,0.2,softmax,qlsa-stage1,3,1211,1249,1275.333333,3.137903,666.961667,22.330513,3.804864,0.854758,6808585.000000,3282849.666667
rat99,qlsa-omp,omp,32,8,1000000,1000,0.001,0.05,0.9,0.2,softmax,qlsa-stage1,3,1211,1250,1254.000000,3.220479,631.798333,10.918660,3.852277,0.902330,6846467.000000,3308268.333333
rat99,qlsa-omp,omp,32,8,1000000,1000,0.001,0.05,0.9,0.05,softmax,qlsa-stage1,3,1211,1250,1254.000000,3.220479,660.113667,29.237429,3.880593,0.863625,6846467.000000,3308268.333333
rat99,qlsa-omp,omp,32,8,1000000,1000,0.001,0.05,0.9,0.1,softmax,qlsa-stage1,3,1211,1250,1254.000000,3.220479,695.377667,29.864133,3.915857,0.819829,6846467.000000,3308268.333333
rat99,qlsa-omp,omp,32,8,1000000,1000,0.001,0.2,0.95,0.1,softmax,qlsa-stage1,3,1211,1263,1276.666667,4.293972,623.349000,35.551163,4.917321,0.914561,6815956.000000,3288628.333333
rat99,qlsa-omp,omp,32,8,1000000,1000,0.001,0.2,0.95,0.2,softmax,qlsa-stage1,3,1211,1263,1276.666667,4.293972,625.269333,23.584299,4.919241,0.911752,6815956.000000,3288628.333333
rat99,qlsa-omp,omp,32,8,1000000,1000,0.001,0.2,0.95,0.05,softmax,qlsa-stage1,3,1211,1263,1276.666667,4.293972,643.146000,11.696257,4.937118,0.886409,6815956.000000,3288628.333333
rat99,sa-omp,omp,32,8,1000000,3000,0.001,,,,,sa-grid,3,1211,1212,1216.000000,0.082576,191.178667,7.592129,0.273755,1.186902,8520905.000000,4168493.333333
rat99,sa-omp,omp,32,8,2000000,100,0.001,,,,,sa-grid,3,1211,1212,1212.666667,0.082576,339.680000,6.906774,0.422256,0.668012,4699733.666667,2282096.333333
rat99,sa-omp,omp,32,8,2000000,300,1e-05,,,,,sa-grid,3,1211,1212,1218.000000,0.082576,367.724333,13.434159,0.450301,0.617066,6523838.000000,3179635.333333
rat99,sa-omp,omp,32,8,1000000,300,0.001,,,,,sa-grid,3,1211,1213,1222.333333,0.165153,178.151000,5.056827,0.343304,1.273697,4451984.666667,2173027.666667
rat99,sa-omp,omp,32,8,1000000,3000,1e-05,,,,,sa-grid,3,1211,1213,1224.333333,0.165153,192.141667,2.075450,0.357294,1.180953,6517740.000000,3187170.333333
rat99,sa-omp,omp,32,8,2000000,100,1e-05,,,,,sa-grid,3,1211,1213,1215.000000,0.165153,339.850333,10.576067,0.505003,0.667677,3365463.333333,1629938.000000
rat99,sa-omp,omp,32,8,2000000,100,0.0001,,,,,sa-grid,3,1211,1213,1217.000000,0.165153,347.400000,2.892456,0.512553,0.653167,3923372.666667,1902226.666667
rat99,sa-omp,omp,32,8,2000000,3000,0.001,,,,,sa-grid,3,1211,1213,1215.333333,0.165153,371.907333,10.272546,0.537060,0.610126,17029013.333333,8330363.666667
rat99,sa-omp,omp,32,8,1000000,100,0.001,,,,,sa-grid,3,1211,1214,1220.666667,0.247729,171.335667,5.327978,0.419065,1.324361,2354571.000000,1143588.000000
rat99,sa-omp,omp,32,8,1000000,300,0.0001,,,,,sa-grid,3,1211,1214,1219.333333,0.247729,178.105667,3.685331,0.425835,1.274021,3768858.333333,1837489.333333
rat99,sa-omp,omp,32,8,2000000,1000,0.0001,,,,,sa-grid,3,1211,1214,1218.666667,0.247729,359.242667,3.308843,0.606972,0.631635,11475717.333333,5607255.000000
rat99,sa-omp,omp,32,8,2000000,1000,0.001,,,,,sa-grid,3,1211,1214,1217.333333,0.247729,376.087333,12.582257,0.623816,0.603345,13381911.333333,6540880.333333
rat99,sa-omp,omp,32,8,1000000,1000,0.001,,,,,sa-grid,3,1211,1215,1225.000000,0.330306,188.320667,2.695784,0.518626,1.204915,6696481.333333,3274111.666667
rat99,sa-omp,omp,32,8,2000000,300,0.0001,,,,,sa-grid,3,1211,1215,1217.000000,0.330306,345.375667,7.129391,0.675681,0.656996,7523204.666667,3668814.333333
rat99,sa-omp,omp,32,8,2000000,3000,1e-05,,,,,sa-grid,3,1211,1215,1217.666667,0.330306,372.624000,2.003598,0.702930,0.608953,13021980.333333,6365724.000000
rat99,sa-omp,omp,32,8,1000000,100,1e-05,,,,,sa-grid,3,1211,1217,1222.000000,0.495458,170.988000,0.877745,0.666446,1.327054,1690012.000000,818638.333333
rat99,sa-omp,omp,32,8,2000000,1000,1e-05,,,,,sa-grid,3,1211,1217,1223.000000,0.495458,361.992333,3.439459,0.857451,0.626837,10049339.000000,4908661.000000
rat99,sa-omp,omp,32,8,2000000,3000,0.0001,,,,,sa-grid,3,1211,1217,1217.333333,0.495458,367.127333,8.532487,0.862586,0.618070,14757814.333333,7216774.000000
rat99,sa-omp,omp,32,8,1000000,100,0.0001,,,,,sa-grid,3,1211,1218,1220.333333,0.578035,176.099333,4.137512,0.754134,1.288536,1967238.333333,953995.333333
rat99,sa-omp,omp,32,8,1000000,3000,0.0001,,,,,sa-grid,3,1211,1219,1226.333333,0.660611,188.884333,0.408294,0.849495,1.201319,7385241.666667,3612398.666667
rat99,sa-omp,omp,32,8,2000000,300,0.001,,,,,sa-grid,3,1211,1219,1222.333333,0.660611,350.743000,6.129928,1.011354,0.646942,8890101.333333,4338245.000000
rat99,sa-omp,omp,32,8,1000000,300,1e-05,,,,,sa-grid,3,1211,1222,1225.333333,0.908340,178.398667,6.400354,1.086739,1.271928,3266304.333333,1591637.666667
rat99,sa-omp,omp,32,8,1000000,1000,1e-05,,,,,sa-grid,3,1211,1222,1223.000000,0.908340,185.824000,7.916068,1.094164,1.221103,5027711.000000,2456192.000000
rat99,sa-omp,omp,32,8,1000000,1000,0.0001,,,,,sa-grid,3,1211,1224,1228.000000,1.073493,177.573000,0.781724,1.251066,1.277843,5742599.000000,2807358.666667
