algorithm,instance,dimension,iterations,seed,init,chains,threads,parallel,best_length,final_length,elapsed_ms,accepted_moves,improved_moves,tier,status,log_file,error
sa-omp,a280,280,1000000,1,nn,64,8,omp,2734,2734,384.943,11797274,5815569,L1,ok,results\logs\large_openmp\a280_sa_20260622_203125_168386.log,
sa-omp,a280,280,1000000,2,nn,64,8,omp,2705,2705,368.883,11802226,5820084,L1,ok,results\logs\large_openmp\a280_sa_20260622_203125_168386.log,
sa-omp,a280,280,1000000,3,nn,64,8,omp,2697,2697,374.971,11797284,5816214,L1,ok,results\logs\large_openmp\a280_sa_20260622_203125_168386.log,
qlsa-omp,a280,280,1000000,1,nn,64,8,omp,2696,2696,850.126,11991303,5857813,L1,ok,results\logs\large_openmp\a280_qlsa_20260622_203126_381301.log,
qlsa-omp,a280,280,1000000,2,nn,64,8,omp,2692,2692,743.777,11999983,5857026,L1,ok,results\logs\large_openmp\a280_qlsa_20260622_203126_381301.log,
qlsa-omp,a280,280,1000000,3,nn,64,8,omp,2692,2692,711.372,12003203,5859038,L1,ok,results\logs\large_openmp\a280_qlsa_20260622_203126_381301.log,
sa-omp,att532,532,1000000,1,nn,64,8,omp,29919,29919,415.956,4033251,2039066,L2,ok,results\logs\large_openmp\att532_sa_20260622_203128_697112.log,
sa-omp,att532,532,1000000,2,nn,64,8,omp,30051,30051,411.405,4034955,2038364,L2,ok,results\logs\large_openmp\att532_sa_20260622_203128_697112.log,
sa-omp,att532,532,1000000,3,nn,64,8,omp,30148,30148,406.084,4036457,2038650,L2,ok,results\logs\large_openmp\att532_sa_20260622_203128_697112.log,
qlsa-omp,att532,532,1000000,1,nn,64,8,omp,29844,29844,839.015,4216289,2097543,L2,ok,results\logs\large_openmp\att532_qlsa_20260622_203129_942493.log,
qlsa-omp,att532,532,1000000,2,nn,64,8,omp,29732,29732,997.796,4219512,2097754,L2,ok,results\logs\large_openmp\att532_qlsa_20260622_203129_942493.log,
qlsa-omp,att532,532,1000000,3,nn,64,8,omp,29826,29826,760.542,4226264,2097576,L2,ok,results\logs\large_openmp\att532_qlsa_20260622_203129_942493.log,
sa-omp,bayg29,29,1000000,1,nn,64,8,omp,1610,1610,370.659,10891012,5245148,custom,ok,results\logs\large_openmp\bayg29_sa_20260622_203132_624116.log,
sa-omp,bayg29,29,1000000,2,nn,64,8,omp,1610,1615,365.506,10889707,5245527,custom,ok,results\logs\large_openmp\bayg29_sa_20260622_203132_624116.log,
sa-omp,bayg29,29,1000000,3,nn,64,8,omp,1610,1631,364.344,10891399,5246960,custom,ok,results\logs\large_openmp\bayg29_sa_20260622_203132_624116.log,
qlsa-omp,bayg29,29,1000000,1,nn,64,8,omp,1610,1622,895.407,11463598,5220155,custom,ok,results\logs\large_openmp\bayg29_qlsa_20260622_203133_747987.log,
qlsa-omp,bayg29,29,1000000,2,nn,64,8,omp,1610,1615,695.323,11476936,5228880,custom,ok,results\logs\large_openmp\bayg29_qlsa_20260622_203133_747987.log,
qlsa-omp,bayg29,29,1000000,3,nn,64,8,omp,1610,1620,639.541,11470444,5226660,custom,ok,results\logs\large_openmp\bayg29_qlsa_20260622_203133_747987.log,
sa-omp,bays29,29,1000000,1,nn,64,8,omp,2020,2020,387.084,9968706,4567858,custom,ok,results\logs\large_openmp\bays29_sa_20260622_203136_057581.log,
sa-omp,bays29,29,1000000,2,nn,64,8,omp,2020,2033,374.573,9979565,4566944,custom,ok,results\logs\large_openmp\bays29_sa_20260622_203136_057581.log,
sa-omp,bays29,29,1000000,3,nn,64,8,omp,2020,2020,423.995,9961517,4563856,custom,ok,results\logs\large_openmp\bays29_sa_20260622_203136_057581.log,
qlsa-omp,bays29,29,1000000,1,nn,64,8,omp,2020,2028,900.855,10616465,4558640,custom,ok,results\logs\large_openmp\bays29_qlsa_20260622_203137_332214.log,
qlsa-omp,bays29,29,1000000,2,nn,64,8,omp,2020,2034,632.752,10629902,4561008,custom,ok,results\logs\large_openmp\bays29_qlsa_20260622_203137_332214.log,
qlsa-omp,bays29,29,1000000,3,nn,64,8,omp,2020,2031,620.948,10602649,4558754,custom,ok,results\logs\large_openmp\bays29_qlsa_20260622_203137_332214.log,
sa-omp,berlin52,52,1000000,1,nn,64,8,omp,7542,7542,359.762,5937417,2903831,custom,ok,results\logs\large_openmp\berlin52_sa_20260622_203139_567273.log,
sa-omp,berlin52,52,1000000,2,nn,64,8,omp,7542,7542,352.675,5942034,2906705,custom,ok,results\logs\large_openmp\berlin52_sa_20260622_203139_567273.log,
sa-omp,berlin52,52,1000000,3,nn,64,8,omp,7542,7542,361.853,5942380,2907670,custom,ok,results\logs\large_openmp\berlin52_sa_20260622_203139_567273.log,
qlsa-omp,berlin52,52,1000000,1,nn,64,8,omp,7542,7542,713.870,6520938,3001334,custom,ok,results\logs\large_openmp\berlin52_qlsa_20260622_203140_661440.log,
qlsa-omp,berlin52,52,1000000,2,nn,64,8,omp,7542,7542,620.368,6552081,3000615,custom,ok,results\logs\large_openmp\berlin52_qlsa_20260622_203140_661440.log,
qlsa-omp,berlin52,52,1000000,3,nn,64,8,omp,7542,7542,627.768,6527494,2996893,custom,ok,results\logs\large_openmp\berlin52_qlsa_20260622_203140_661440.log,
sa-omp,ch130,130,1000000,1,nn,64,8,omp,6182,6182,383.459,7223761,3582503,L1,ok,results\logs\large_openmp\ch130_sa_20260622_203142_632462.log,
sa-omp,ch130,130,1000000,2,nn,64,8,omp,6175,6175,366.948,7223032,3581793,L1,ok,results\logs\large_openmp\ch130_sa_20260622_203142_632462.log,
sa-omp,ch130,130,1000000,3,nn,64,8,omp,6185,6185,372.000,7222215,3582016,L1,ok,results\logs\large_openmp\ch130_sa_20260622_203142_632462.log,
qlsa-omp,ch130,130,1000000,1,nn,64,8,omp,6118,6118,802.817,7508947,3634002,L1,ok,results\logs\large_openmp\ch130_qlsa_20260622_203143_764326.log,
qlsa-omp,ch130,130,1000000,2,nn,64,8,omp,6165,6165,768.715,7516463,3633729,L1,ok,results\logs\large_openmp\ch130_qlsa_20260622_203143_764326.log,
qlsa-omp,ch130,130,1000000,3,nn,64,8,omp,6183,6183,701.167,7510040,3634518,L1,ok,results\logs\large_openmp\ch130_qlsa_20260622_203143_764326.log,
sa-omp,ch150,150,1000000,1,nn,64,8,omp,6646,6646,364.144,7141363,3549535,L1,ok,results\logs\large_openmp\ch150_sa_20260622_203146_118778.log,
sa-omp,ch150,150,1000000,2,nn,64,8,omp,6655,6655,363.092,7142305,3550324,L1,ok,results\logs\large_openmp\ch150_sa_20260622_203146_118778.log,
sa-omp,ch150,150,1000000,3,nn,64,8,omp,6611,6611,352.194,7148870,3555784,L1,ok,results\logs\large_openmp\ch150_sa_20260622_203146_118778.log,
qlsa-omp,ch150,150,1000000,1,nn,64,8,omp,6586,6586,804.904,7406252,3591549,L1,ok,results\logs\large_openmp\ch150_qlsa_20260622_203147_277492.log,
qlsa-omp,ch150,150,1000000,2,nn,64,8,omp,6620,6620,780.559,7397298,3592213,L1,ok,results\logs\large_openmp\ch150_qlsa_20260622_203147_277492.log,
qlsa-omp,ch150,150,1000000,3,nn,64,8,omp,6640,6640,647.808,7412660,3593684,L1,ok,results\logs\large_openmp\ch150_qlsa_20260622_203147_277492.log,
sa-omp,d198,198,1000000,1,nn,64,8,omp,15990,15990,362.646,4565289,2261906,L1,ok,results\logs\large_openmp\d198_sa_20260622_203149_523550.log,
sa-omp,d198,198,1000000,2,nn,64,8,omp,15976,15976,362.894,4562576,2260853,L1,ok,results\logs\large_openmp\d198_sa_20260622_203149_523550.log,
sa-omp,d198,198,1000000,3,nn,64,8,omp,15972,15972,353.524,4564328,2261123,L1,ok,results\logs\large_openmp\d198_sa_20260622_203149_523550.log,
qlsa-omp,d198,198,1000000,1,nn,64,8,omp,15897,15897,948.621,5093799,2451229,L1,ok,results\logs\large_openmp\d198_qlsa_20260622_203150_683964.log,
qlsa-omp,d198,198,1000000,2,nn,64,8,omp,16023,16023,872.737,5088086,2451406,L1,ok,results\logs\large_openmp\d198_qlsa_20260622_203150_683964.log,
qlsa-omp,d198,198,1000000,3,nn,64,8,omp,15942,15942,689.606,5115272,2450672,L1,ok,results\logs\large_openmp\d198_qlsa_20260622_203150_683964.log,
sa-omp,d493,493,1000000,1,nn,64,8,omp,37677,37677,387.785,4319204,2176181,L2,ok,results\logs\large_openmp\d493_sa_20260622_203153_206299.log,
sa-omp,d493,493,1000000,2,nn,64,8,omp,37864,37864,382.362,4316094,2173274,L2,ok,results\logs\large_openmp\d493_sa_20260622_203153_206299.log,
sa-omp,d493,493,1000000,3,nn,64,8,omp,37606,37606,374.855,4318663,2176256,L2,ok,results\logs\large_openmp\d493_sa_20260622_203153_206299.log,
qlsa-omp,d493,493,1000000,1,nn,64,8,omp,37691,37691,918.782,4499576,2233531,L2,ok,results\logs\large_openmp\d493_qlsa_20260622_203154_438047.log,
qlsa-omp,d493,493,1000000,2,nn,64,8,omp,37571,37571,891.064,4500772,2230469,L2,ok,results\logs\large_openmp\d493_qlsa_20260622_203154_438047.log,
qlsa-omp,d493,493,1000000,3,nn,64,8,omp,37585,37585,754.081,4509518,2231301,L2,ok,results\logs\large_openmp\d493_qlsa_20260622_203154_438047.log,
sa-omp,d657,657,1000000,1,nn,64,8,omp,54922,54922,424.960,2702840,1386265,L2,ok,results\logs\large_openmp\d657_sa_20260622_203157_016705.log,
sa-omp,d657,657,1000000,2,nn,64,8,omp,54293,54293,408.530,2709454,1391631,L2,ok,results\logs\large_openmp\d657_sa_20260622_203157_016705.log,
sa-omp,d657,657,1000000,3,nn,64,8,omp,54806,54806,403.770,2703221,1389225,L2,ok,results\logs\large_openmp\d657_sa_20260622_203157_016705.log,
qlsa-omp,d657,657,1000000,1,nn,64,8,omp,54372,54372,906.003,2798982,1411172,L2,ok,results\logs\large_openmp\d657_qlsa_20260622_203158_353409.log,
qlsa-omp,d657,657,1000000,2,nn,64,8,omp,53708,53708,820.417,2799565,1412034,L2,ok,results\logs\large_openmp\d657_qlsa_20260622_203158_353409.log,
qlsa-omp,d657,657,1000000,3,nn,64,8,omp,53720,53720,758.388,2797767,1410014,L2,ok,results\logs\large_openmp\d657_qlsa_20260622_203158_353409.log,
sa-omp,dantzig42,42,1000000,1,nn,64,8,omp,699,701,369.270,14230301,6828085,custom,ok,results\logs\large_openmp\dantzig42_sa_20260622_203200_920684.log,
sa-omp,dantzig42,42,1000000,2,nn,64,8,omp,699,699,360.661,14227247,6830174,custom,ok,results\logs\large_openmp\dantzig42_sa_20260622_203200_920684.log,
sa-omp,dantzig42,42,1000000,3,nn,64,8,omp,699,707,360.739,14236117,6829120,custom,ok,results\logs\large_openmp\dantzig42_sa_20260622_203200_920684.log,
qlsa-omp,dantzig42,42,1000000,1,nn,64,8,omp,699,701,871.285,14789981,6830294,custom,ok,results\logs\large_openmp\dantzig42_qlsa_20260622_203202_100891.log,
qlsa-omp,dantzig42,42,1000000,2,nn,64,8,omp,699,699,789.103,14792947,6829429,custom,ok,results\logs\large_openmp\dantzig42_qlsa_20260622_203202_100891.log,
qlsa-omp,dantzig42,42,1000000,3,nn,64,8,omp,699,699,704.144,14800231,6830841,custom,ok,results\logs\large_openmp\dantzig42_qlsa_20260622_203202_100891.log,
sa-omp,dsj1000,1000,1000000,1,nn,64,8,omp,20783649,20783649,484.700,21035,20284,L3,ok,results\logs\large_openmp\dsj1000_sa_20260622_203204_479729.log,
sa-omp,dsj1000,1000,1000000,2,nn,64,8,omp,20720629,20720629,479.515,20877,20151,L3,ok,results\logs\large_openmp\dsj1000_sa_20260622_203204_479729.log,
sa-omp,dsj1000,1000,1000000,3,nn,64,8,omp,20587788,20587788,480.778,20995,20252,L3,ok,results\logs\large_openmp\dsj1000_sa_20260622_203204_479729.log,
qlsa-omp,dsj1000,1000,1000000,1,nn,64,8,omp,20650478,20650478,1069.407,44406,22261,L3,ok,results\logs\large_openmp\dsj1000_qlsa_20260622_203206_017586.log,
qlsa-omp,dsj1000,1000,1000000,2,nn,64,8,omp,20607936,20607936,882.590,45820,21996,L3,ok,results\logs\large_openmp\dsj1000_qlsa_20260622_203206_017586.log,
qlsa-omp,dsj1000,1000,1000000,3,nn,64,8,omp,20404246,20404246,808.866,45731,21916,L3,ok,results\logs\large_openmp\dsj1000_qlsa_20260622_203206_017586.log,
sa-omp,eil101,101,1000000,1,nn,64,8,omp,636,636,379.563,17753712,8532903,custom,ok,results\logs\large_openmp\eil101_sa_20260622_203208_868697.log,
sa-omp,eil101,101,1000000,2,nn,64,8,omp,635,635,381.303,17760044,8539799,custom,ok,results\logs\large_openmp\eil101_sa_20260622_203208_868697.log,
sa-omp,eil101,101,1000000,3,nn,64,8,omp,640,640,362.789,17755671,8538336,custom,ok,results\logs\large_openmp\eil101_sa_20260622_203208_868697.log,
qlsa-omp,eil101,101,1000000,1,nn,64,8,omp,638,638,884.417,18085462,8539098,custom,ok,results\logs\large_openmp\eil101_qlsa_20260622_203210_074802.log,
qlsa-omp,eil101,101,1000000,2,nn,64,8,omp,638,638,822.501,18087706,8538634,custom,ok,results\logs\large_openmp\eil101_qlsa_20260622_203210_074802.log,
qlsa-omp,eil101,101,1000000,3,nn,64,8,omp,637,637,721.285,18075510,8535986,custom,ok,results\logs\large_openmp\eil101_qlsa_20260622_203210_074802.log,
sa-omp,eil51,51,1000000,1,nn,64,8,omp,427,427,393.605,17995875,8657793,custom,ok,results\logs\large_openmp\eil51_sa_20260622_203212_634802.log,
sa-omp,eil51,51,1000000,2,nn,64,8,omp,426,426,394.432,17999169,8657469,custom,ok,results\logs\large_openmp\eil51_sa_20260622_203212_634802.log,
sa-omp,eil51,51,1000000,3,nn,64,8,omp,426,426,389.683,18001734,8658756,custom,ok,results\logs\large_openmp\eil51_sa_20260622_203212_634802.log,
qlsa-omp,eil51,51,1000000,1,nn,64,8,omp,427,429,897.815,18421678,8591497,custom,ok,results\logs\large_openmp\eil51_qlsa_20260622_203213_887414.log,
qlsa-omp,eil51,51,1000000,2,nn,64,8,omp,427,427,701.431,18412933,8591928,custom,ok,results\logs\large_openmp\eil51_qlsa_20260622_203213_887414.log,
qlsa-omp,eil51,51,1000000,3,nn,64,8,omp,426,427,648.993,18421748,8590624,custom,ok,results\logs\large_openmp\eil51_qlsa_20260622_203213_887414.log,
sa-omp,eil76,76,1000000,1,nn,64,8,omp,539,539,372.597,17882241,8602742,custom,ok,results\logs\large_openmp\eil76_sa_20260622_203216_176977.log,
sa-omp,eil76,76,1000000,2,nn,64,8,omp,539,539,380.728,17875537,8602463,custom,ok,results\logs\large_openmp\eil76_sa_20260622_203216_176977.log,
sa-omp,eil76,76,1000000,3,nn,64,8,omp,539,539,381.661,17867682,8595553,custom,ok,results\logs\large_openmp\eil76_sa_20260622_203216_176977.log,
qlsa-omp,eil76,76,1000000,1,nn,64,8,omp,544,544,919.884,18220954,8569816,custom,ok,results\logs\large_openmp\eil76_qlsa_20260622_203217_393452.log,
qlsa-omp,eil76,76,1000000,2,nn,64,8,omp,542,543,750.638,18221439,8571544,custom,ok,results\logs\large_openmp\eil76_qlsa_20260622_203217_393452.log,
qlsa-omp,eil76,76,1000000,3,nn,64,8,omp,539,539,753.800,18224099,8575312,custom,ok,results\logs\large_openmp\eil76_qlsa_20260622_203217_393452.log,
sa-omp,gil262,262,1000000,1,nn,64,8,omp,2470,2470,446.890,12656572,6237147,L1,ok,results\logs\large_openmp\gil262_sa_20260622_203219_831305.log,
sa-omp,gil262,262,1000000,2,nn,64,8,omp,2480,2480,401.806,12648073,6228805,L1,ok,results\logs\large_openmp\gil262_sa_20260622_203219_831305.log,
sa-omp,gil262,262,1000000,3,nn,64,8,omp,2485,2485,386.139,12651122,6231636,L1,ok,results\logs\large_openmp\gil262_sa_20260622_203219_831305.log,
qlsa-omp,gil262,262,1000000,1,nn,64,8,omp,2469,2469,837.237,12836692,6254623,L1,ok,results\logs\large_openmp\gil262_qlsa_20260622_203221_150835.log,
qlsa-omp,gil262,262,1000000,2,nn,64,8,omp,2475,2475,812.001,12839979,6254545,L1,ok,results\logs\large_openmp\gil262_qlsa_20260622_203221_150835.log,
qlsa-omp,gil262,262,1000000,3,nn,64,8,omp,2479,2479,690.132,12828279,6255757,L1,ok,results\logs\large_openmp\gil262_qlsa_20260622_203221_150835.log,
sa-omp,gr17,17,1000000,1,nn,64,8,omp,2085,2085,382.255,9726929,3907881,custom,ok,results\logs\large_openmp\gr17_sa_20260622_203223_575136.log,
sa-omp,gr17,17,1000000,2,nn,64,8,omp,2085,2085,380.020,9725262,3909043,custom,ok,results\logs\large_openmp\gr17_sa_20260622_203223_575136.log,
sa-omp,gr17,17,1000000,3,nn,64,8,omp,2085,2085,370.674,9729054,3908858,custom,ok,results\logs\large_openmp\gr17_sa_20260622_203223_575136.log,
qlsa-omp,gr17,17,1000000,1,nn,64,8,omp,2085,2085,756.207,10951349,3862875,custom,ok,results\logs\large_openmp\gr17_qlsa_20260622_203224_797823.log,
qlsa-omp,gr17,17,1000000,2,nn,64,8,omp,2085,2085,857.666,10966688,3862430,custom,ok,results\logs\large_openmp\gr17_qlsa_20260622_203224_797823.log,
qlsa-omp,gr17,17,1000000,3,nn,64,8,omp,2085,2090,652.877,11003811,3855951,custom,ok,results\logs\large_openmp\gr17_qlsa_20260622_203224_797823.log,
sa-omp,gr24,24,1000000,1,nn,64,8,omp,1272,1272,384.228,11638351,5170095,custom,ok,results\logs\large_openmp\gr24_sa_20260622_203227_074743.log,
sa-omp,gr24,24,1000000,2,nn,64,8,omp,1272,1279,387.511,11647419,5169428,custom,ok,results\logs\large_openmp\gr24_sa_20260622_203227_074743.log,
sa-omp,gr24,24,1000000,3,nn,64,8,omp,1272,1272,369.594,11639057,5173354,custom,ok,results\logs\large_openmp\gr24_sa_20260622_203227_074743.log,
qlsa-omp,gr24,24,1000000,1,nn,64,8,omp,1272,1272,843.280,12466137,5153640,custom,ok,results\logs\large_openmp\gr24_qlsa_20260622_203228_251715.log,
qlsa-omp,gr24,24,1000000,2,nn,64,8,omp,1272,1272,908.523,12471135,5155970,custom,ok,results\logs\large_openmp\gr24_qlsa_20260622_203228_251715.log,
qlsa-omp,gr24,24,1000000,3,nn,64,8,omp,1272,1272,653.100,12474842,5154338,custom,ok,results\logs\large_openmp\gr24_qlsa_20260622_203228_251715.log,
sa-omp,gr48,48,1000000,1,nn,64,8,omp,5046,5046,360.960,6522025,2967904,custom,ok,results\logs\large_openmp\gr48_sa_20260622_203230_749256.log,
sa-omp,gr48,48,1000000,2,nn,64,8,omp,5046,5046,351.276,6521404,2969719,custom,ok,results\logs\large_openmp\gr48_sa_20260622_203230_749256.log,
sa-omp,gr48,48,1000000,3,nn,64,8,omp,5046,5046,370.751,6517457,2966507,custom,ok,results\logs\large_openmp\gr48_sa_20260622_203230_749256.log,
qlsa-omp,gr48,48,1000000,1,nn,64,8,omp,5046,5055,789.094,7027481,3050679,custom,ok,results\logs\large_openmp\gr48_qlsa_20260622_203231_944624.log,
qlsa-omp,gr48,48,1000000,2,nn,64,8,omp,5046,5046,779.490,7027535,3049115,custom,ok,results\logs\large_openmp\gr48_qlsa_20260622_203231_944624.log,
qlsa-omp,gr48,48,1000000,3,nn,64,8,omp,5046,5046,636.117,7021406,3041333,custom,ok,results\logs\large_openmp\gr48_qlsa_20260622_203231_944624.log,
sa-omp,hk48,48,1000000,1,nn,64,8,omp,11461,11461,381.117,3558111,1719764,custom,ok,results\logs\large_openmp\hk48_sa_20260622_203234_176967.log,
sa-omp,hk48,48,1000000,2,nn,64,8,omp,11461,11461,362.545,3558048,1720046,custom,ok,results\logs\large_openmp\hk48_sa_20260622_203234_176967.log,
sa-omp,hk48,48,1000000,3,nn,64,8,omp,11461,11461,371.021,3553675,1716605,custom,ok,results\logs\large_openmp\hk48_sa_20260622_203234_176967.log,
qlsa-omp,hk48,48,1000000,1,nn,64,8,omp,11461,11553,824.165,4026611,1819766,custom,ok,results\logs\large_openmp\hk48_qlsa_20260622_203235_347136.log,
qlsa-omp,hk48,48,1000000,2,nn,64,8,omp,11461,11461,841.224,4030363,1821799,custom,ok,results\logs\large_openmp\hk48_qlsa_20260622_203235_347136.log,
qlsa-omp,hk48,48,1000000,3,nn,64,8,omp,11461,11484,647.491,4031430,1823887,custom,ok,results\logs\large_openmp\hk48_qlsa_20260622_203235_347136.log,
sa-omp,kroA150,150,1000000,1,nn,64,8,omp,26949,26949,360.163,1922157,957366,L1,ok,results\logs\large_openmp\kroA150_sa_20260622_203237_775724.log,
sa-omp,kroA150,150,1000000,2,nn,64,8,omp,26879,26879,356.408,1922064,957057,L1,ok,results\logs\large_openmp\kroA150_sa_20260622_203237_775724.log,
sa-omp,kroA150,150,1000000,3,nn,64,8,omp,26985,26985,361.332,1918839,956457,L1,ok,results\logs\large_openmp\kroA150_sa_20260622_203237_775724.log,
qlsa-omp,kroA150,150,1000000,1,nn,64,8,omp,26918,26918,728.173,2220709,1055314,L1,ok,results\logs\large_openmp\kroA150_qlsa_20260622_203238_951883.log,
qlsa-omp,kroA150,150,1000000,2,nn,64,8,omp,26849,26849,631.439,2222676,1054637,L1,ok,results\logs\large_openmp\kroA150_qlsa_20260622_203238_951883.log,
qlsa-omp,kroA150,150,1000000,3,nn,64,8,omp,26779,26779,618.982,2220919,1054395,L1,ok,results\logs\large_openmp\kroA150_qlsa_20260622_203238_951883.log,
sa-omp,lin318,318,1000000,1,nn,64,8,omp,44427,44427,391.813,1730832,874667,L2,ok,results\logs\large_openmp\lin318_sa_20260622_203241_038886.log,
sa-omp,lin318,318,1000000,2,nn,64,8,omp,44226,44226,357.467,1728084,872644,L2,ok,results\logs\large_openmp\lin318_sa_20260622_203241_038886.log,
sa-omp,lin318,318,1000000,3,nn,64,8,omp,44218,44218,364.884,1725287,870746,L2,ok,results\logs\large_openmp\lin318_sa_20260622_203241_038886.log,
qlsa-omp,lin318,318,1000000,1,nn,64,8,omp,44184,44184,878.981,1921119,927457,L2,ok,results\logs\large_openmp\lin318_qlsa_20260622_203242_257664.log,
qlsa-omp,lin318,318,1000000,2,nn,64,8,omp,44117,44117,759.721,1912120,923884,L2,ok,results\logs\large_openmp\lin318_qlsa_20260622_203242_257664.log,
qlsa-omp,lin318,318,1000000,3,nn,64,8,omp,43893,43893,737.173,1908125,923831,L2,ok,results\logs\large_openmp\lin318_qlsa_20260622_203242_257664.log,
sa-omp,pcb442,442,1000000,1,nn,64,8,omp,54511,54511,377.391,1846906,932638,L2,ok,results\logs\large_openmp\pcb442_sa_20260622_203244_746058.log,
sa-omp,pcb442,442,1000000,2,nn,64,8,omp,54036,54036,371.457,1847902,932440,L2,ok,results\logs\large_openmp\pcb442_sa_20260622_203244_746058.log,
sa-omp,pcb442,442,1000000,3,nn,64,8,omp,54278,54278,369.300,1846491,932391,L2,ok,results\logs\large_openmp\pcb442_sa_20260622_203244_746058.log,
qlsa-omp,pcb442,442,1000000,1,nn,64,8,omp,54363,54363,971.353,1982898,957569,L2,ok,results\logs\large_openmp\pcb442_qlsa_20260622_203245_976366.log,
qlsa-omp,pcb442,442,1000000,2,nn,64,8,omp,54554,54554,787.873,1973258,957189,L2,ok,results\logs\large_openmp\pcb442_qlsa_20260622_203245_976366.log,
qlsa-omp,pcb442,442,1000000,3,nn,64,8,omp,54781,54781,667.048,1978285,957797,L2,ok,results\logs\large_openmp\pcb442_qlsa_20260622_203245_976366.log,
sa-omp,pr226,226,1000000,1,nn,64,8,omp,80751,80751,368.772,402250,167444,L1,ok,results\logs\large_openmp\pr226_sa_20260622_203248_438663.log,
sa-omp,pr226,226,1000000,2,nn,64,8,omp,80989,80989,378.918,404765,167381,L1,ok,results\logs\large_openmp\pr226_sa_20260622_203248_438663.log,
sa-omp,pr226,226,1000000,3,nn,64,8,omp,80745,80745,347.686,405081,168397,L1,ok,results\logs\large_openmp\pr226_sa_20260622_203248_438663.log,
qlsa-omp,pr226,226,1000000,1,nn,64,8,omp,81040,81040,912.413,760716,301638,L1,ok,results\logs\large_openmp\pr226_qlsa_20260622_203249_675870.log,
qlsa-omp,pr226,226,1000000,2,nn,64,8,omp,80878,80878,692.811,762176,302148,L1,ok,results\logs\large_openmp\pr226_qlsa_20260622_203249_675870.log,
qlsa-omp,pr226,226,1000000,3,nn,64,8,omp,80749,80749,654.489,756851,301641,L1,ok,results\logs\large_openmp\pr226_qlsa_20260622_203249_675870.log,
sa-omp,pr76,76,1000000,1,nn,64,8,omp,108202,108202,345.652,209387,83150,custom,ok,results\logs\large_openmp\pr76_sa_20260622_203252_046007.log,
sa-omp,pr76,76,1000000,2,nn,64,8,omp,108159,108159,356.372,208349,82679,custom,ok,results\logs\large_openmp\pr76_sa_20260622_203252_046007.log,
sa-omp,pr76,76,1000000,3,nn,64,8,omp,108469,108469,343.990,209415,83069,custom,ok,results\logs\large_openmp\pr76_sa_20260622_203252_046007.log,
qlsa-omp,pr76,76,1000000,1,nn,64,8,omp,108304,108304,881.747,468640,135997,custom,ok,results\logs\large_openmp\pr76_qlsa_20260622_203253_186404.log,
qlsa-omp,pr76,76,1000000,2,nn,64,8,omp,108202,108202,661.549,461842,135713,custom,ok,results\logs\large_openmp\pr76_qlsa_20260622_203253_186404.log,
qlsa-omp,pr76,76,1000000,3,nn,64,8,omp,108274,108274,605.812,470717,135988,custom,ok,results\logs\large_openmp\pr76_qlsa_20260622_203253_186404.log,
sa-omp,rat575,575,1000000,1,nn,64,8,omp,7553,7553,385.995,9812510,4887239,L2,ok,results\logs\large_openmp\rat575_sa_20260622_203255_419023.log,
sa-omp,rat575,575,1000000,2,nn,64,8,omp,7624,7624,404.825,9810990,4885754,L2,ok,results\logs\large_openmp\rat575_sa_20260622_203255_419023.log,
sa-omp,rat575,575,1000000,3,nn,64,8,omp,7531,7531,400.197,9812042,4887563,L2,ok,results\logs\large_openmp\rat575_sa_20260622_203255_419023.log,
qlsa-omp,rat575,575,1000000,1,nn,64,8,omp,7442,7442,966.404,9915892,4909884,L2,ok,results\logs\large_openmp\rat575_qlsa_20260622_203256_693493.log,
qlsa-omp,rat575,575,1000000,2,nn,64,8,omp,7418,7418,736.645,9916199,4910319,L2,ok,results\logs\large_openmp\rat575_qlsa_20260622_203256_693493.log,
qlsa-omp,rat575,575,1000000,3,nn,64,8,omp,7451,7451,715.606,9916086,4908659,L2,ok,results\logs\large_openmp\rat575_qlsa_20260622_203256_693493.log,
sa-omp,rat783,783,1000000,1,nn,64,8,omp,10589,10589,465.587,9244894,4631088,L2,ok,results\logs\large_openmp\rat783_sa_20260622_203259_198461.log,
sa-omp,rat783,783,1000000,2,nn,64,8,omp,10490,10490,434.317,9246471,4629631,L2,ok,results\logs\large_openmp\rat783_sa_20260622_203259_198461.log,
sa-omp,rat783,783,1000000,3,nn,64,8,omp,10560,10560,465.361,9245989,4630578,L2,ok,results\logs\large_openmp\rat783_sa_20260622_203259_198461.log,
qlsa-omp,rat783,783,1000000,1,nn,64,8,omp,10124,10124,914.310,9322057,4648222,L2,ok,results\logs\large_openmp\rat783_qlsa_20260622_203300_593023.log,
qlsa-omp,rat783,783,1000000,2,nn,64,8,omp,10056,10056,940.554,9321546,4647580,L2,ok,results\logs\large_openmp\rat783_qlsa_20260622_203300_593023.log,
qlsa-omp,rat783,783,1000000,3,nn,64,8,omp,10105,10105,765.533,9324664,4648815,L2,ok,results\logs\large_openmp\rat783_qlsa_20260622_203300_593023.log,
sa-omp,rat99,99,1000000,1,nn,64,8,omp,1231,1231,378.531,13391178,6546813,custom,ok,results\logs\large_openmp\rat99_sa_20260622_203303_241625.log,
sa-omp,rat99,99,1000000,2,nn,64,8,omp,1220,1220,384.710,13390667,6549126,custom,ok,results\logs\large_openmp\rat99_sa_20260622_203303_241625.log,
sa-omp,rat99,99,1000000,3,nn,64,8,omp,1215,1215,361.555,13394172,6547279,custom,ok,results\logs\large_openmp\rat99_sa_20260622_203303_241625.log,
qlsa-omp,rat99,99,1000000,1,nn,64,8,omp,1227,1227,842.904,13743148,6598105,custom,ok,results\logs\large_openmp\rat99_qlsa_20260622_203304_397958.log,
qlsa-omp,rat99,99,1000000,2,nn,64,8,omp,1225,1228,844.096,13731675,6593106,custom,ok,results\logs\large_openmp\rat99_qlsa_20260622_203304_397958.log,
qlsa-omp,rat99,99,1000000,3,nn,64,8,omp,1227,1227,711.549,13728387,6596101,custom,ok,results\logs\large_openmp\rat99_qlsa_20260622_203304_397958.log,
sa-omp,rd400,400,1000000,1,nn,64,8,omp,16501,16501,387.516,5668445,2843659,L2,ok,results\logs\large_openmp\rd400_sa_20260622_203306_831246.log,
sa-omp,rd400,400,1000000,2,nn,64,8,omp,16264,16264,398.720,5668187,2842151,L2,ok,results\logs\large_openmp\rd400_sa_20260622_203306_831246.log,
sa-omp,rd400,400,1000000,3,nn,64,8,omp,16379,16379,389.883,5667419,2842124,L2,ok,results\logs\large_openmp\rd400_sa_20260622_203306_831246.log,
qlsa-omp,rd400,400,1000000,1,nn,64,8,omp,16296,16296,863.845,5809014,2869378,L2,ok,results\logs\large_openmp\rd400_qlsa_20260622_203308_023029.log,
qlsa-omp,rd400,400,1000000,2,nn,64,8,omp,16157,16157,944.241,5803840,2869178,L2,ok,results\logs\large_openmp\rd400_qlsa_20260622_203308_023029.log,
qlsa-omp,rd400,400,1000000,3,nn,64,8,omp,16190,16190,728.848,5798721,2866519,L2,ok,results\logs\large_openmp\rd400_qlsa_20260622_203308_023029.log,
sa-omp,st70,70,1000000,1,nn,64,8,omp,675,675,379.025,15652773,7576995,custom,ok,results\logs\large_openmp\st70_sa_20260622_203310_578970.log,
sa-omp,st70,70,1000000,2,nn,64,8,omp,675,675,385.225,15656891,7577177,custom,ok,results\logs\large_openmp\st70_sa_20260622_203310_578970.log,
sa-omp,st70,70,1000000,3,nn,64,8,omp,675,675,387.374,15658601,7576724,custom,ok,results\logs\large_openmp\st70_sa_20260622_203310_578970.log,
qlsa-omp,st70,70,1000000,1,nn,64,8,omp,675,675,821.189,16095623,7590410,custom,ok,results\logs\large_openmp\st70_qlsa_20260622_203311_752938.log,
qlsa-omp,st70,70,1000000,2,nn,64,8,omp,675,675,674.546,16105872,7597414,custom,ok,results\logs\large_openmp\st70_qlsa_20260622_203311_752938.log,
qlsa-omp,st70,70,1000000,3,nn,64,8,omp,675,675,681.571,16112113,7593231,custom,ok,results\logs\large_openmp\st70_qlsa_20260622_203311_752938.log,
sa-omp,swiss42,42,1000000,1,nn,64,8,omp,1273,1273,406.277,12380092,6011231,custom,ok,results\logs\large_openmp\swiss42_sa_20260622_203313_944475.log,
sa-omp,swiss42,42,1000000,2,nn,64,8,omp,1273,1273,378.955,12377047,6012865,custom,ok,results\logs\large_openmp\swiss42_sa_20260622_203313_944475.log,
sa-omp,swiss42,42,1000000,3,nn,64,8,omp,1273,1273,382.721,12376823,6009701,custom,ok,results\logs\large_openmp\swiss42_sa_20260622_203313_944475.log,
qlsa-omp,swiss42,42,1000000,1,nn,64,8,omp,1273,1273,950.017,12928653,5997434,custom,ok,results\logs\large_openmp\swiss42_qlsa_20260622_203315_133101.log,
qlsa-omp,swiss42,42,1000000,2,nn,64,8,omp,1273,1273,798.889,12917692,5994788,custom,ok,results\logs\large_openmp\swiss42_qlsa_20260622_203315_133101.log,
qlsa-omp,swiss42,42,1000000,3,nn,64,8,omp,1273,1273,652.709,12920414,5996677,custom,ok,results\logs\large_openmp\swiss42_qlsa_20260622_203315_133101.log,
sa-omp,tsp225,225,1000000,1,nn,64,8,omp,4078,4078,372.131,10073668,4986387,L1,ok,results\logs\large_openmp\tsp225_sa_20260622_203317_554792.log,
sa-omp,tsp225,225,1000000,2,nn,64,8,omp,4074,4074,407.423,10070979,4985554,L1,ok,results\logs\large_openmp\tsp225_sa_20260622_203317_554792.log,
sa-omp,tsp225,225,1000000,3,nn,64,8,omp,4070,4070,391.607,10074134,4988130,L1,ok,results\logs\large_openmp\tsp225_sa_20260622_203317_554792.log,
qlsa-omp,tsp225,225,1000000,1,nn,64,8,omp,4063,4063,878.546,10286649,5024503,L1,ok,results\logs\large_openmp\tsp225_qlsa_20260622_203318_740529.log,
qlsa-omp,tsp225,225,1000000,2,nn,64,8,omp,4080,4080,716.752,10288612,5024460,L1,ok,results\logs\large_openmp\tsp225_qlsa_20260622_203318_740529.log,
qlsa-omp,tsp225,225,1000000,3,nn,64,8,omp,4070,4070,725.974,10276664,5025409,L1,ok,results\logs\large_openmp\tsp225_qlsa_20260622_203318_740529.log,
sa-omp,u1060,1060,1000000,1,nn,64,8,omp,287555,287555,427.464,377301,227879,L3,ok,results\logs\large_openmp\u1060_sa_20260622_203321_071284.log,
sa-omp,u1060,1060,1000000,2,nn,64,8,omp,287833,287833,426.327,376531,227384,L3,ok,results\logs\large_openmp\u1060_sa_20260622_203321_071284.log,
sa-omp,u1060,1060,1000000,3,nn,64,8,omp,286004,286004,453.159,376469,227427,L3,ok,results\logs\large_openmp\u1060_sa_20260622_203321_071284.log,
qlsa-omp,u1060,1060,1000000,1,nn,64,8,omp,269011,269011,1013.160,522661,292647,L3,ok,results\logs\large_openmp\u1060_qlsa_20260622_203322_393135.log,
qlsa-omp,u1060,1060,1000000,2,nn,64,8,omp,267347,267347,880.087,521373,292992,L3,ok,results\logs\large_openmp\u1060_qlsa_20260622_203322_393135.log,
qlsa-omp,u1060,1060,1000000,3,nn,64,8,omp,267647,267647,832.152,521079,293680,L3,ok,results\logs\large_openmp\u1060_qlsa_20260622_203322_393135.log,
sa-omp,u574,574,1000000,1,nn,64,8,omp,40821,40821,386.241,3001276,1530258,L2,ok,results\logs\large_openmp\u574_sa_20260622_203325_132812.log,
sa-omp,u574,574,1000000,2,nn,64,8,omp,40885,40885,400.424,3000104,1530003,L2,ok,results\logs\large_openmp\u574_sa_20260622_203325_132812.log,
sa-omp,u574,574,1000000,3,nn,64,8,omp,40610,40610,380.773,3002142,1530444,L2,ok,results\logs\large_openmp\u574_sa_20260622_203325_132812.log,
qlsa-omp,u574,574,1000000,1,nn,64,8,omp,40574,40574,796.523,3107897,1557544,L2,ok,results\logs\large_openmp\u574_qlsa_20260622_203326_312072.log,
qlsa-omp,u574,574,1000000,2,nn,64,8,omp,40037,40037,675.651,3108566,1559052,L2,ok,results\logs\large_openmp\u574_qlsa_20260622_203326_312072.log,
qlsa-omp,u574,574,1000000,3,nn,64,8,omp,40220,40220,662.765,3117915,1559950,L2,ok,results\logs\large_openmp\u574_qlsa_20260622_203326_312072.log,
sa-omp,u724,724,1000000,1,nn,64,8,omp,48594,48594,396.912,2962308,1521247,L2,ok,results\logs\large_openmp\u724_sa_20260622_203328_460729.log,
sa-omp,u724,724,1000000,2,nn,64,8,omp,48401,48401,396.525,2965334,1523327,L2,ok,results\logs\large_openmp\u724_sa_20260622_203328_460729.log,
sa-omp,u724,724,1000000,3,nn,64,8,omp,48188,48188,411.017,2965974,1524595,L2,ok,results\logs\large_openmp\u724_sa_20260622_203328_460729.log,
qlsa-omp,u724,724,1000000,1,nn,64,8,omp,47301,47301,1006.865,3056405,1548922,L2,ok,results\logs\large_openmp\u724_qlsa_20260622_203329_677851.log,
qlsa-omp,u724,724,1000000,2,nn,64,8,omp,47078,47078,930.203,3054942,1546353,L2,ok,results\logs\large_openmp\u724_qlsa_20260622_203329_677851.log,
qlsa-omp,u724,724,1000000,3,nn,64,8,omp,46922,46922,876.442,3049719,1545330,L2,ok,results\logs\large_openmp\u724_qlsa_20260622_203329_677851.log,
sa-omp,ulysses16.tsp,16,1000000,1,nn,64,8,omp,6859,6859,378.410,6191002,2549313,custom,ok,results\logs\large_openmp\ulysses16_sa_20260622_203332_509260.log,
sa-omp,ulysses16.tsp,16,1000000,2,nn,64,8,omp,6859,6859,370.402,6200957,2556961,custom,ok,results\logs\large_openmp\ulysses16_sa_20260622_203332_509260.log,
sa-omp,ulysses16.tsp,16,1000000,3,nn,64,8,omp,6859,6870,357.716,6196068,2551014,custom,ok,results\logs\large_openmp\ulysses16_sa_20260622_203332_509260.log,
qlsa-omp,ulysses16.tsp,16,1000000,1,nn,64,8,omp,6859,6870,872.394,6987024,2615005,custom,ok,results\logs\large_openmp\ulysses16_qlsa_20260622_203333_637986.log,
qlsa-omp,ulysses16.tsp,16,1000000,2,nn,64,8,omp,6859,6870,704.366,6989697,2616766,custom,ok,results\logs\large_openmp\ulysses16_qlsa_20260622_203333_637986.log,
qlsa-omp,ulysses16.tsp,16,1000000,3,nn,64,8,omp,6859,6859,681.538,6991294,2614058,custom,ok,results\logs\large_openmp\ulysses16_qlsa_20260622_203333_637986.log,
sa-omp,ulysses22.tsp,22,1000000,1,nn,64,8,omp,7013,7013,366.802,5594489,2509114,custom,ok,results\logs\large_openmp\ulysses22_sa_20260622_203335_905563.log,
sa-omp,ulysses22.tsp,22,1000000,2,nn,64,8,omp,7013,7013,361.169,5592082,2506844,custom,ok,results\logs\large_openmp\ulysses22_sa_20260622_203335_905563.log,
sa-omp,ulysses22.tsp,22,1000000,3,nn,64,8,omp,7013,7013,348.738,5595816,2506807,custom,ok,results\logs\large_openmp\ulysses22_sa_20260622_203335_905563.log,
qlsa-omp,ulysses22.tsp,22,1000000,1,nn,64,8,omp,7013,7013,777.508,6540051,2618725,custom,ok,results\logs\large_openmp\ulysses22_qlsa_20260622_203336_995371.log,
qlsa-omp,ulysses22.tsp,22,1000000,2,nn,64,8,omp,7013,7013,718.843,6540337,2616483,custom,ok,results\logs\large_openmp\ulysses22_qlsa_20260622_203336_995371.log,
qlsa-omp,ulysses22.tsp,22,1000000,3,nn,64,8,omp,7013,7013,699.417,6555449,2617141,custom,ok,results\logs\large_openmp\ulysses22_qlsa_20260622_203336_995371.log,
sa-omp,vm1084,1084,1000000,1,nn,64,8,omp,301120,319811,459.185,271194,154327,L3,ok,results\logs\large_openmp\vm1084_sa_20260622_203339_204326.log,
sa-omp,vm1084,1084,1000000,2,nn,64,8,omp,299804,317206,453.248,269018,153325,L3,ok,results\logs\large_openmp\vm1084_sa_20260622_203339_204326.log,
sa-omp,vm1084,1084,1000000,3,nn,64,8,omp,301095,313415,460.036,270335,153719,L3,ok,results\logs\large_openmp\vm1084_sa_20260622_203339_204326.log,
qlsa-omp,vm1084,1084,1000000,1,nn,64,8,omp,284267,284267,964.822,409168,214336,L3,ok,results\logs\large_openmp\vm1084_qlsa_20260622_203340_594944.log,
qlsa-omp,vm1084,1084,1000000,2,nn,64,8,omp,287204,287204,871.098,411981,214403,L3,ok,results\logs\large_openmp\vm1084_qlsa_20260622_203340_594944.log,
qlsa-omp,vm1084,1084,1000000,3,nn,64,8,omp,283661,283661,800.913,406806,212326,L3,ok,results\logs\large_openmp\vm1084_qlsa_20260622_203340_594944.log,
